Label;Volume (unit);Volume (pixel);Mean;SurfaceArea;surfaceAreaPxl;Min;Max;Std Deviation;X;Y;Z;Xmass;Ymass;Zmass;Feret
ObjB-1;0,078;24;1;1,585;64;1;1;0;405,5;36,958;3,417;405,5;36,958;3,417;0,929
ObjB-2;0,042;13;2;0,857;38;2;2;0;406,846;98,308;3,385;406,846;98,308;3,385;0,42
ObjB-3;0,045;14;3;1,128;48;3;3;0;223,786;24,714;5;223,786;24,714;5;0,643
ObjB-4;0,145;45;4;2,34;100;4;4;0;393,6;39,133;4,156;393,6;39,133;4,156;0,958
ObjB-5;0,055;17;5;1,399;58;5;5;0;370,471;91,059;5,941;370,471;91,059;5,941;0,958
ObjB-6;0,023;7;6;0,668;28;6;6;0;429,143;91,714;3,714;429,143;91,714;3,714;0,379
ObjB-7;0,078;24;7;1,545;64;7;7;0;383,792;93,125;4,708;383,792;93,125;4,708;0,929
ObjB-8;0,01;3;8;0,314;14;8;8;0;363,667;105,667;4;363,667;105,667;4;0,147
ObjB-9;0,036;11;9;0,979;38;9;9;0;436;106;4,364;436;106;4,364;0,609
ObjB-10;0,019;6;10;0,563;22;10;10;0;378,333;137,667;4,5;378,333;137,667;4,5;0,334
ObjB-11;0,058;18;11;1,106;46;11;11;0;415,167;156,111;4,333;415,167;156,111;4,333;0,643
ObjB-12;0,032;10;12;0,773;34;12;12;0;314,2;359,9;4,7;314,2;359,9;4,7;0,42
ObjB-13;0,036;11;13;0,898;38;13;13;0;53;3;5;53;3;5;0,635
ObjB-14;0,01;3;14;0,354;14;14;14;0;159;4,333;5,333;159;4,333;5,333;0,317
ObjB-15;0,1;31;15;2,05;92;15;15;0;156,742;7,806;5,258;156,742;7,806;5,258;1,099
ObjB-16;0,045;14;16;1,044;44;16;16;0;229,714;9,357;5,357;229,714;9,357;5,357;0,643
ObjB-17;0,036;11;17;1,044;44;17;17;0;244,091;18,273;4,636;244,091;18,273;4,636;0,445
ObjB-18;0,013;4;18;0,398;18;18;18;0;170,25;19;5;170,25;19;5;0,208
ObjB-19;0,039;12;19;0,939;38;19;19;0;291,75;21,25;5,333;291,75;21,25;5,333;0,618
ObjB-20;0,013;4;20;0,438;18;20;20;0;291,5;23,75;5,25;291,5;23,75;5,25;0,334
ObjB-21;0,087;27;21;1,693;74;21;21;0;170,63;24,148;5,259;170,63;24,148;5,259;0,929
ObjB-22;0,074;23;22;1,482;62;22;22;0;427,522;33,13;4,87;427,522;33,13;4,87;0,668
ObjB-23;0,016;5;23;0,584;24;23;23;0;257,4;40,6;5,2;257,4;40,6;5,2;0,618
ObjB-24;0,026;8;24;0,584;24;24;24;0;220,5;51,5;4,5;220,5;51,5;4,5;0,334
ObjB-25;0,029;9;25;0,771;30;25;25;0;416,667;54,556;5,778;416,667;54,556;5,778;0,618
ObjB-26;0,029;9;26;0,814;34;26;26;0;430,889;56,111;4,667;430,889;56,111;4,667;0,42
ObjB-27;0,052;16;27;0,963;44;27;27;0;387,5;65;4,5;387,5;65;4,5;0,48
ObjB-28;0,029;9;28;0,982;42;28;28;0;229,444;67,556;5,333;229,444;67,556;5,333;0,48
ObjB-29;0,103;32;29;1,755;76;29;29;0;375,156;71,625;5,156;375,156;71,625;5,156;0,707
ObjB-30;0,023;7;30;0,606;26;30;30;0;348,286;83,429;5,286;348,286;83,429;5,286;0,379
ObjB-31;0,078;24;31;1,566;66;31;31;0;401,292;86,708;5,708;401,292;86,708;5,708;0,929
ObjB-32;0,116;36;32;1,88;80;32;32;0;80,167;94,194;4,917;80,167;94,194;4,917;0,737
ObjB-33;0,029;9;33;0,793;32;33;33;0;87,444;95,778;5,222;87,444;95,778;5,222;0,618
ObjB-34;0,029;9;34;0,855;34;34;34;0;59,444;98,889;4,667;59,444;98,889;4,667;0,635
ObjB-35;0,058;18;35;1,358;58;35;35;0;346,056;105,778;4,944;346,056;105,778;4,944;0,668
ObjB-36;0,032;10;36;0,752;32;36;36;0;409,4;110;5,4;409,4;110;5,4;0,379
ObjB-37;0,074;23;37;1,628;68;37;37;0;380,043;117,87;5,522;380,043;117,87;5,522;0,997
ObjB-38;0,023;7;38;0,69;30;38;38;0;313,857;125,143;5,571;313,857;125,143;5,571;0,379
ObjB-39;0,01;3;39;0,417;16;39;39;0;437,333;127,667;5,667;437,333;127,667;5,667;0,334
ObjB-40;0,032;10;40;0,898;38;40;40;0;462,1;130,1;5,5;462,1;130,1;5,5;0,42
ObjB-41;0,036;11;41;0,876;36;41;41;0;399,182;133,545;4,818;399,182;133,545;4,818;0,643
ObjB-42;0,036;11;42;0,917;36;42;42;0;353,909;152,364;5;353,909;152,364;5;0,635
ObjB-43;0,023;7;43;0,524;26;43;43;0;57,714;168,857;5;57,714;168,857;5;0,294
ObjB-44;0,029;9;44;0,709;28;44;44;0;441,556;179,556;5,333;441,556;179,556;5,333;0,618
ObjB-45;0,129;40;45;2,15;90;45;45;0;29,3;186,225;5,55;29,3;186,225;5,55;0,975
ObjB-46;0,048;15;46;1,252;52;46;46;0;446,067;195,467;5,133;446,067;195,467;5,133;0,635
ObjB-47;0,058;18;47;1,396;54;47;47;0;274,444;210,444;5,556;274,444;210,444;5,556;0,929
ObjB-48;0,065;20;48;1,19;50;48;48;0;391,9;234,2;5,25;391,9;234,2;5,25;0,668
ObjB-49;0,026;8;49;0,75;28;49;49;0;485;235,875;5,875;485;235,875;5,875;0,635
ObjB-50;0,036;11;50;0,917;36;50;50;0;95,091;241,727;5,182;95,091;241,727;5,182;0,643
ObjB-51;0,052;16;51;1,106;46;51;51;0;462,125;252,188;5;462,125;252,188;5;0,643
ObjB-52;0,061;19;52;1,252;52;52;52;0;250,632;267;5;250,632;267;5;0,643
ObjB-53;0,016;5;53;0,501;20;53;53;0;467,4;277,8;5,6;467,4;277,8;5,6;0,334
ObjB-54;0,061;19;54;1,19;50;54;54;0;241,053;282,842;5,737;241,053;282,842;5,737;0,643
ObjB-55;0,023;7;55;0,606;26;55;55;0;27,143;289,571;5,571;27,143;289,571;5,571;0,379
ObjB-56;0,036;11;56;0,982;42;56;56;0;427,545;329;5,545;427,545;329;5,545;0,643
ObjB-57;0,052;16;57;1,106;46;57;57;0;139,312;372;5,625;139,312;372;5,625;0,668
ObjB-58;0,045;14;58;1,188;46;58;58;0;146,357;379,429;5,5;146,357;379,429;5,5;0,912
ObjB-59;0,026;8;59;0,771;30;59;59;0;175,875;410,625;4,75;175,875;410,625;4,75;0,618
ObjB-60;0,048;15;60;1,044;44;60;60;0;283,8;420,8;5,2;283,8;420,8;5,2;0,635
ObjB-61;0,074;23;61;1,42;60;61;61;0;212;450,304;5,348;212;450,304;5,348;0,684
ObjB-62;0,136;42;62;1,964;84;62;62;0;211,167;454,381;5,143;211,167;454,381;5,143;0,958
ObjB-63;0,09;28;63;1,942;82;63;63;0;19,286;488,25;4,857;19,286;488,25;4,857;0,82
ObjB-64;0,013;4;64;0,335;16;64;64;0;166,5;1,5;6;166,5;1,5;6;0,147
ObjB-65;0,055;17;65;1,358;58;65;65;0;304,353;1,941;6,294;304,353;1,941;6,294;0,958
ObjB-66;0,023;7;66;0,771;30;66;66;0;289,571;8;6;289,571;8;6;0,618
ObjB-67;0,019;6;67;0,584;24;67;67;0;86,167;12,833;6,5;86,167;12,833;6,5;0,365
ObjB-68;0,032;10;68;0,752;32;68;68;0;363,6;13;6,4;363,6;13;6,4;0,379
ObjB-69;0,029;9;69;1,044;44;69;69;0;238,556;14,667;6;238,556;14,667;6;0,643
ObjB-70;0,013;4;70;0,398;18;70;70;0;283,5;17;6;283,5;17;6;0,232
ObjB-71;0,097;30;71;2,356;94;71;71;0;245,167;24,2;6,333;245,167;24,2;6,333;1,244
ObjB-72;0,061;19;72;1,169;48;72;72;0;422,842;28,947;6,158;422,842;28,947;6,158;0,668
ObjB-73;0,071;22;73;1,48;58;73;73;0;191,318;30;5,909;191,318;30;5,909;0,929
ObjB-74;0,016;5;74;0,522;22;74;74;0;92,6;33,4;6,4;92,6;33,4;6,4;0,334
ObjB-75;0,019;6;75;0,522;22;75;75;0;130,5;36,333;6,333;130,5;36,333;6,333;0,334
ObjB-76;0,026;8;76;0,668;28;76;76;0;342,5;37,25;5,625;342,5;37,25;5,625;0,379
ObjB-77;0,103;32;77;1,837;76;77;77;0;231,438;44,188;6,906;231,438;44,188;6,906;0,737
ObjB-78;0,129;40;78;2,026;86;78;78;0;245,15;47,35;5,8;245,15;47,35;5,8;0,929
ObjB-79;0,084;26;79;1,691;70;79;79;0;349,885;48,692;6,769;349,885;48,692;6,769;0,912
ObjB-80;0,097;30;80;1,981;78;80;80;0;441,267;51,7;6,6;441,267;51,7;6,6;0,975
ObjB-81;0,042;13;81;0,898;38;81;81;0;233,846;52,385;5,538;233,846;52,385;5,538;0,48
ObjB-82;0,052;16;82;1,231;50;82;82;0;379,75;54,625;6,875;379,75;54,625;6,875;0,643
ObjB-83;0,061;19;83;1,152;54;83;83;0;364,474;56,789;5,632;364,474;56,789;5,632;0,599
ObjB-84;0,032;10;84;0,814;34;84;84;0;217,8;58,1;6,4;217,8;58,1;6,4;0,42
ObjB-85;0,016;5;85;0,584;24;85;85;0;425,8;60;5,4;425,8;60;5,4;0,42
ObjB-86;0,055;17;86;1,128;48;86;86;0;436,529;60,059;6,353;436,529;60,059;6,353;0,618
ObjB-87;0,081;25;87;1,628;68;87;87;0;372,88;62,72;6;372,88;62,72;6;0,684
ObjB-88;0,045;14;88;1,066;46;88;88;0;237,071;63,714;6,714;237,071;63,714;6,714;0,618
ObjB-89;0,01;3;89;0,354;14;89;89;0;253,333;68;6,333;253,333;68;6,333;0,317
ObjB-90;0,126;39;90;2,15;90;90;90;0;440,538;74,333;5,795;440,538;74,333;5,795;0,947
ObjB-91;0,042;13;91;1,147;46;91;91;0;444;74,077;5,846;444;74,077;5,846;0,929
ObjB-92;0,055;17;92;1,209;48;92;92;0;47,588;79,059;5,882;47,588;79,059;5,882;0,643
ObjB-93;0,061;19;93;1,336;56;93;93;0;446,684;82,842;7,053;446,684;82,842;7,053;0,643
ObjB-94;0,029;9;94;0,752;32;94;94;0;177,778;90,222;6,333;177,778;90,222;6,333;0,365
ObjB-95;0,12;37;95;1,988;90;95;95;0;479,568;89,838;5,432;479,568;89,838;5,432;0,73
ObjB-96;0,013;4;96;0,438;18;96;96;0;356,75;94,25;6,25;356,75;94,25;6,25;0,317
ObjB-97;0,071;22;97;1,358;58;97;97;0;423,864;94,682;6,045;423,864;94,682;6,045;0,668
ObjB-98;0,058;18;98;1,193;54;98;98;0;404,889;95,667;5,611;404,889;95,667;5,611;0,523
ObjB-99;0,278;86;99;3,154;134;99;99;0;105,977;96,558;5,674;105,977;96,558;5,674;1,044
ObjB-100;0,078;24;100;1,648;66;100;100;0;459,125;100,208;7,417;459,125;100,208;7,417;0,958
ObjB-101;0,09;28;101;1,669;68;101;101;0;40,75;102,214;6,25;40,75;102,214;6,25;0,975
ObjB-102;0,171;53;102;2,591;112;102;102;0;304,679;101,717;6,283;304,679;101,717;6,283;0,958
ObjB-103;0,058;18;103;1,293;52;103;103;0;14,667;106,111;6,667;14,667;106,111;6,667;0,912
ObjB-104;0,042;13;104;1,023;42;104;104;0;297,308;107,615;6,308;297,308;107,615;6,308;0,635
ObjB-105;0,048;15;105;1,046;48;105;105;0;363,667;105,6;6,333;363,667;105,6;6,333;0,48
ObjB-106;0,019;6;106;0,584;24;106;106;0;332,667;108;6,333;332,667;108;6,333;0,334
ObjB-107;0,036;11;107;0,752;32;107;107;0;419,455;113,091;6,545;419,455;113,091;6,545;0,379
ObjB-108;0,039;12;108;0,941;42;108;108;0;159,417;114,083;5,75;159,417;114,083;5,75;0,42
ObjB-109;0,026;8;109;0,752;32;109;109;0;445;119,875;6,125;445;119,875;6,125;0,618
ObjB-110;0,081;25;110;1,672;72;110;110;0;415,36;127,96;5,36;415,36;127,96;5,36;1,002
ObjB-111;0,026;8;111;0,814;34;111;111;0;426,25;132,75;6,875;426,25;132,75;6,875;0,643
ObjB-112;0,032;10;112;0,939;38;112;112;0;429;138,4;6,3;429;138,4;6,3;0,684
ObjB-113;0,026;8;113;0,752;32;113;113;0;448,375;142,625;6;448,375;142,625;6;0,618
ObjB-114;0,042;13;114;0,92;40;114;114;0;341,385;144,769;6,462;341,385;144,769;6,462;0,445
ObjB-115;0,029;9;115;0,67;32;115;115;0;451,889;144,889;5,889;451,889;144,889;5,889;0,334
ObjB-116;0,081;25;116;1,463;64;116;116;0;227,8;149,84;6,2;227,8;149,84;6,2;0,684
ObjB-117;0,084;26;117;1,858;78;117;117;0;368,731;150,731;6,5;368,731;150,731;6,5;0,958
ObjB-118;0,036;11;118;1,063;42;118;118;0;383,091;153,909;6,455;383,091;153,909;6,455;0,924
ObjB-119;0,052;16;119;1,19;50;119;119;0;61,312;160,125;6,625;61,312;160,125;6,625;0,643
ObjB-120;0,055;17;120;1,147;46;120;120;0;129,882;160,059;6,235;129,882;160,059;6,235;0,668
ObjB-121;0,01;3;121;0,376;16;121;121;0;254,333;160,667;6,333;254,333;160,667;6,333;0,334
ObjB-122;0,023;7;122;0,73;30;122;122;0;22,429;161,714;5,857;22,429;161,714;5,857;0,643
ObjB-123;0,061;19;123;1,315;54;123;123;0;253;163,053;5,842;253;163,053;5,842;0,668
ObjB-124;0,058;18;124;1,274;54;124;124;0;271,389;164,889;5,778;271,389;164,889;5,778;0,643
ObjB-125;0,071;22;125;1,669;68;125;125;0;400,318;164,545;6,727;400,318;164,545;6,727;1,002
ObjB-126;0,081;25;126;1,298;60;126;126;0;240,72;166,16;6,52;240,72;166,16;6,52;0,553
ObjB-127;0,155;48;127;2,217;100;127;127;0;396,25;170,604;7,125;396,25;170,604;7,125;0,793
ObjB-128;0,029;9;128;0,855;34;128;128;0;19,556;173,222;6;19,556;173,222;6;0,618
ObjB-129;0,055;17;129;1,231;50;129;129;0;370,471;175,824;5,706;370,471;175,824;5,706;0,643
ObjB-130;0,039;12;130;1,106;46;130;130;0;478,5;175,917;6,083;478,5;175,917;6,083;0,707
ObjB-131;0,103;32;131;1,609;70;131;131;0;47,656;179,219;5,75;47,656;179,219;5,75;0,707
ObjB-132;0,045;14;132;1,023;42;132;132;0;272,857;183,143;5,929;272,857;183,143;5,929;0,643
ObjB-133;0,032;10;133;0,876;36;133;133;0;347,8;183,3;6,2;347,8;183,3;6,2;0,643
ObjB-134;0,197;61;134;2,737;118;134;134;0;458,475;186,656;5,574;458,475;186,656;5,574;1,013
ObjB-135;0,071;22;135;1,293;52;135;135;0;171,818;187,818;6;171,818;187,818;6;0,668
ObjB-136;0,061;19;136;1,48;58;136;136;0;117,789;191,316;6,579;117,789;191,316;6,579;0,929
ObjB-137;0,149;46;137;2,4;98;137;137;0;389,326;194,913;6,261;389,326;194,913;6,261;1,222
ObjB-138;0,107;33;138;2,026;86;138;138;0;232,576;195,97;6,515;232,576;195,97;6,515;0,912
ObjB-139;0,123;38;139;1,861;82;139;139;0;234,711;211,921;6,079;234,711;211,921;6,079;0,759
ObjB-140;0,042;13;140;1,104;42;140;140;0;424,538;214,692;6,462;424,538;214,692;6,462;0,912
ObjB-141;0,045;14;141;1,19;50;141;141;0;215,071;216;6,286;215,071;216;6,286;0,618
ObjB-142;0,145;45;142;2,38;100;142;142;0;428,222;228,311;6,467;428,222;228,311;6,467;1,002
ObjB-143;0,042;13;143;1,063;42;143;143;0;476,615;233,538;6,462;476,615;233,538;6,462;0,9
ObjB-144;0,061;19;144;1,545;64;144;144;0;229,211;235,526;6,421;229,211;235,526;6,421;0,912
ObjB-145;0,068;21;145;1,399;58;145;145;0;466,762;239,81;6,048;466,762;239,81;6,048;0,929
ObjB-146;0,032;10;146;0,73;30;146;146;0;143,4;243,2;5,5;143,4;243,2;5,5;0,379
ObjB-147;0,052;16;147;1,087;48;147;147;0;356,062;250,125;5,875;356,062;250,125;5,875;0,643
ObjB-148;0,032;10;148;0,73;30;148;148;0;470,2;253,6;5,5;470,2;253,6;5,5;0,379
ObjB-149;0,052;16;149;1,209;48;149;149;0;12,125;254,5;6,375;12,125;254,5;6,375;0,924
ObjB-150;0,045;14;150;0,939;38;150;150;0;484,571;256,929;6,286;484,571;256,929;6,286;0,643
ObjB-151;0,01;3;151;0,354;14;151;151;0;469,333;257;6,333;469,333;257;6,333;0,317
ObjB-152;0,023;7;152;0,855;34;152;152;0;98;257,714;6,286;98;257,714;6,286;0,618
ObjB-153;0,036;11;153;0,939;38;153;153;0;466,545;257,909;6,273;466,545;257,909;6,273;0,618
ObjB-154;0,178;55;154;2,651;110;154;154;0;225,109;262,982;6,291;225,109;262,982;6,291;1,287
ObjB-155;0,068;21;155;1,482;62;155;155;0;162,905;267,667;7,095;162,905;267,667;7,095;0,684
ObjB-156;0,026;8;156;0,73;30;156;156;0;196,625;268,5;5,875;196,625;268,5;5,875;0,618
ObjB-157;0,078;24;157;1,547;68;157;157;0;257,667;269,208;5,958;257,667;269,208;5,958;0,684
ObjB-158;0,116;36;158;1,818;78;158;158;0;168,472;272,5;6,028;168,472;272,5;6,028;0,707
ObjB-159;0,068;21;159;1,336;56;159;159;0;306,048;272,476;6,19;306,048;272,476;6,19;0,668
ObjB-160;0,032;10;160;0,814;34;160;160;0;182,1;275,6;5,7;182,1;275,6;5,7;0,618
ObjB-161;0,058;18;161;1,212;52;161;161;0;316,889;275,333;6,667;316,889;275,333;6,667;0,668
ObjB-162;0,039;12;162;0,96;40;162;162;0;150,75;277,5;6,083;150,75;277,5;6,083;0,618
ObjB-163;0,068;21;163;1,461;60;163;163;0;395,476;279,952;6,524;395,476;279,952;6,524;0,912
ObjB-164;0,074;23;164;1,461;60;164;164;0;227,087;287,391;5,739;227,087;287,391;5,739;0,912
ObjB-165;0,026;8;165;0,67;32;165;165;0;435,125;293,875;6,125;435,125;293,875;6,125;0,42
ObjB-166;0,032;10;166;0,898;38;166;166;0;357,7;301,9;6,4;357,7;301,9;6,4;0,42
ObjB-167;0,078;24;167;1,42;60;167;167;0;93,083;304,583;7,042;93,083;304,583;7,042;0,676
ObjB-168;0,065;20;168;1,502;60;168;168;0;222,85;311,65;6,45;222,85;311,65;6,45;0,947
ObjB-169;0,061;19;169;1,336;56;169;169;0;283,263;316,684;5,632;283,263;316,684;5,632;0,643
ObjB-170;0,039;12;170;1,001;40;170;170;0;410,75;320,5;6,25;410,75;320,5;6,25;0,643
ObjB-171;0,052;16;171;1,19;50;171;171;0;322,125;321,438;6,375;322,125;321,438;6,375;0,635
ObjB-172;0,113;35;172;2,045;84;172;172;0;73,686;324,571;6,343;73,686;324,571;6,343;0,929
ObjB-173;0,032;10;173;0,876;36;173;173;0;327,1;326;6,5;327,1;326;6,5;0,379
ObjB-174;0,058;18;174;1,418;56;174;174;0;249,722;330,333;7,056;249,722;330,333;7,056;0,912
ObjB-175;0,058;18;175;1,252;52;175;175;0;149,111;330,278;7;149,111;330,278;7;0,668
ObjB-176;0,071;22;176;1,315;54;176;176;0;226,864;336,045;6,091;226,864;336,045;6,091;0,668
ObjB-177;0,032;10;177;0,855;34;177;177;0;21,6;337,2;5,8;21,6;337,2;5,8;0,618
ObjB-178;0,09;28;178;1,818;78;178;178;0;131,5;337,214;6,143;131,5;337,214;6,143;0,73
ObjB-179;0,103;32;179;1,672;72;179;179;0;353,219;341,812;6;353,219;341,812;6;0,707
ObjB-180;0,061;19;180;1,358;58;180;180;0;211,263;344,421;6,789;211,263;344,421;6,789;0,668
ObjB-181;0,103;32;181;1,858;78;181;181;0;424,5;351,344;6,688;424,5;351,344;6,688;0,958
ObjB-182;0,055;17;182;1,461;60;182;182;0;446;356,059;6,412;446;356,059;6,412;0,707
ObjB-183;0,029;9;183;0,69;30;183;183;0;416,889;368,444;6,667;416,889;368,444;6,667;0,379
ObjB-184;0,029;9;184;0,793;32;184;184;0;2,556;376,778;5,778;2,556;376,778;5,778;0,618
ObjB-185;0,065;20;185;1,252;52;185;185;0;370,95;377,15;6,05;370,95;377,15;6,05;0,668
ObjB-186;0,039;12;186;0,876;36;186;186;0;174,083;384,583;5,583;174,083;384,583;5,583;0,618
ObjB-187;0,029;9;187;0,814;34;187;187;0;435,111;390,222;6,444;435,111;390,222;6,444;0,618
ObjB-188;0,21;65;188;2,883;124;188;188;0;49,831;395,292;6,477;49,831;395,292;6,477;0,997
ObjB-189;0,016;5;189;0,606;26;189;189;0;184,2;395,4;6,4;184,2;395,4;6,4;0,379
ObjB-190;0,042;13;190;1,063;42;190;190;0;192,308;398,846;6;192,308;398,846;6;0,668
ObjB-191;0,048;15;191;1,106;46;191;191;0;24,133;407,867;6,2;24,133;407,867;6,2;0,643
ObjB-192;0,036;11;192;0,857;38;192;192;0;301,545;415,909;6,364;301,545;415,909;6,364;0,379
ObjB-193;0,026;8;193;0,69;30;193;193;0;274,875;417,25;6,5;274,875;417,25;6,5;0,379
ObjB-194;0,061;19;194;1,233;54;194;194;0;147,053;425,158;5,895;147,053;425,158;5,895;0,668
ObjB-195;0,081;25;195;1,442;62;195;195;0;109,52;425,76;6,76;109,52;425,76;6,76;0,643
ObjB-196;0,016;5;196;0,501;20;196;196;0;358,6;428,8;6,4;358,6;428,8;6,4;0,334
ObjB-197;0,087;27;197;1,504;64;197;197;0;333,889;431,185;7,111;333,889;431,185;7,111;0,759
ObjB-198;0,1;31;198;1,693;74;198;198;0;109;434,161;6,258;109;434,161;6,258;0,707
ObjB-199;0,084;26;199;1,753;72;199;199;0;165,962;440,192;5,808;165,962;440,192;5,808;0,924
ObjB-200;0,039;12;200;0,898;38;200;200;0;144;441,833;6,583;144;441,833;6,583;0,379
ObjB-201;0,026;8;201;0,836;36;201;201;0;392,625;443,75;6,875;392,625;443,75;6,875;0,609
ObjB-202;0,029;9;202;0,69;30;202;202;0;445,889;444,556;6,444;445,889;444,556;6,444;0,379
ObjB-203;0,042;13;203;0,96;40;203;203;0;470,077;449,308;5,692;470,077;449,308;5,692;0,643
ObjB-204;0,097;30;204;1,628;68;204;204;0;244,767;454,333;5,967;244,767;454,333;5,967;0,737
ObjB-205;0,036;11;205;0,876;36;205;205;0;89,091;456,909;6,545;89,091;456,909;6,545;0,379
ObjB-206;0,039;12;206;0,96;40;206;206;0;412,583;462;6,333;412,583;462;6,333;0,635
ObjB-207;0,052;16;207;1,171;52;207;207;0;136,438;473,5;6,562;136,438;473,5;6,562;0,445
ObjB-208;0,081;25;208;1,648;66;208;208;0;43,6;475,8;6,32;43,6;475,8;6,32;0,912
ObjB-209;0,026;8;209;0,69;30;209;209;0;393,5;476;6,375;393,5;476;6,375;0,379
ObjB-210;0,036;11;210;0,673;36;210;210;0;230,909;478,364;6;230,909;478,364;6;0,374
ObjB-211;0,048;15;211;1,147;46;211;211;0;225,667;481,333;6,067;225,667;481,333;6,067;0,676
ObjB-212;0,107;33;212;2,15;90;212;212;0;412,364;486,424;6,758;412,364;486,424;6,758;1,244
ObjB-213;0,071;22;213;1,377;56;213;213;0;217,364;11,227;7,045;217,364;11,227;7,045;0,668
ObjB-214;0,123;38;214;2,337;96;214;214;0;370,447;12,763;6,842;370,447;12,763;6,842;0,958
ObjB-215;0,068;21;215;1,525;66;215;215;0;295,381;16,429;7,714;295,381;16,429;7,714;0,924
ObjB-216;0,048;15;216;1,044;44;216;216;0;143,667;17,467;6,8;143,667;17,467;6,8;0,684
ObjB-217;0,029;9;217;0,771;30;217;217;0;272,556;23,667;7,111;272,556;23,667;7,111;0,618
ObjB-218;0,036;11;218;0,939;38;218;218;0;259,545;27,909;7,091;259,545;27,909;7,091;0,635
ObjB-219;0,026;8;219;0,709;28;219;219;0;228,375;29,5;7,25;228,375;29,5;7,25;0,618
ObjB-220;0,181;56;220;2,608;106;220;220;0;303,357;30,786;7;303,357;30,786;7;1,235
ObjB-221;0,036;11;221;0,96;40;221;221;0;239,909;35,636;6,636;239,909;35,636;6,636;0,618
ObjB-222;0,036;11;222;0,876;36;222;222;0;252,182;39,364;7,273;252,182;39,364;7,273;0,643
ObjB-223;0,084;26;223;1,731;70;223;223;0;322,808;40,269;6,731;322,808;40,269;6,731;0,929
ObjB-224;0,052;16;224;1,19;50;224;224;0;84,562;44,188;7,438;84,562;44,188;7,438;0,643
ObjB-225;0,032;10;225;0,939;38;225;225;0;428,5;45,9;7,8;428,5;45,9;7,8;0,643
ObjB-226;0,013;4;226;0,438;18;226;226;0;359,25;46,5;6,75;359,25;46,5;6,75;0,334
ObjB-227;0,016;5;227;0,522;22;227;227;0;405;47,4;6,8;405;47,4;6,8;0,334
ObjB-228;0,036;11;228;0,939;38;228;228;0;253,636;49,182;7,091;253,636;49,182;7,091;0,618
ObjB-229;0,145;45;229;2,297;96;229;229;0;435,089;54,556;7,511;435,089;54,556;7,511;0,975
ObjB-230;0,045;14;230;1,085;44;230;230;0;367,929;61,214;6,786;367,929;61,214;6,786;0,643
ObjB-231;0,1;31;231;1,753;72;231;231;0;364,129;66,903;7,387;364,129;66,903;7,387;0,947
ObjB-232;0,042;13;232;0,92;40;232;232;0;384,462;66,077;7,538;384,462;66,077;7,538;0,445
ObjB-233;0,045;14;233;1,106;46;233;233;0;255,571;68;7,143;255,571;68;7,143;0,668
ObjB-234;0,052;16;234;1,106;46;234;234;0;442,812;67,875;7,125;442,812;67,875;7,125;0,643
ObjB-235;0,071;22;235;1,442;62;235;235;0;306,773;71,455;7,273;306,773;71,455;7,273;0,737
ObjB-236;0,065;20;236;1,358;58;236;236;0;346,95;73,35;6,75;346,95;73,35;6,75;0,668
ObjB-237;0,074;23;237;1,358;58;237;237;0;243,609;75,217;7,304;243,609;75,217;7,304;0,643
ObjB-238;0,194;60;238;2,797;116;238;238;0;141,15;76,083;7,717;141,15;76,083;7,717;1,244
ObjB-239;0,013;4;239;0,398;18;239;239;0;44;85,5;7;44;85,5;7;0,232
ObjB-240;0,216;67;240;2,883;124;240;240;0;474,597;89,627;6,955;474,597;89,627;6,955;1,085
ObjB-241;0,026;8;241;0,793;32;241;241;0;238,125;95,625;6,625;238,125;95,625;6,625;0,379
ObjB-242;0,032;10;242;1,001;40;242;242;0;111;100,8;7,2;111;100,8;7,2;0,635
ObjB-243;0,023;7;243;0,73;30;243;243;0;86,857;102,143;7;86,857;102,143;7;0,618
ObjB-244;0,065;20;244;1,442;62;244;244;0;346,05;103,65;7,55;346,05;103,65;7,55;0,958
ObjB-245;0,094;29;245;1,442;62;245;245;0;387,931;103,552;7,172;387,931;103,552;7,172;0,707
ObjB-246;0,013;4;246;0,438;18;246;246;0;407,75;102,75;7,5;407,75;102,75;7,5;0,334
ObjB-247;0,052;16;247;1,252;52;247;247;0;258,75;104,438;7,312;258,75;104,438;7,312;0,912
ObjB-248;0,058;18;248;1,355;54;248;248;0;288,444;104,222;7,611;288,444;104,222;7,611;0,929
ObjB-249;0,165;51;249;3,379;136;249;249;0;280,667;109,667;8,608;280,667;109,667;8,608;1,601
ObjB-250;0,026;8;250;0,898;38;250;250;0;326;112,25;7,125;326;112,25;7,125;0,618
ObjB-251;0,042;13;251;1,085;44;251;251;0;365,692;111,692;7,615;365,692;111,692;7,615;0,668
ObjB-252;0,065;20;252;1,379;60;252;252;0;389,2;114,9;7;389,2;114,9;7;0,707
ObjB-253;0,023;7;253;0,606;26;253;253;0;109,286;114,429;6,714;109,286;114,429;6,714;0,379
ObjB-254;0,045;14;254;0,982;42;254;254;0;436,786;115;7,5;436,786;115;7,5;0,42
ObjB-255;0,09;28;255;1,442;62;255;255;0;124;118,5;7,179;124;118,5;7,179;0,668
ObjB-256;0,032;10;256;0,773;34;256;256;0;227,3;121,2;7,7;227,3;121,2;7,7;0,379
ObjB-257;0,029;9;257;0,855;34;257;257;0;439,333;121,444;6,778;439,333;121,444;6,778;0,643
ObjB-258;0,036;11;258;0,836;36;258;258;0;281,545;125,636;7,636;281,545;125,636;7,636;0,445
ObjB-259;0,068;21;259;1,336;56;259;259;0;265,905;129,667;7,238;265,905;129,667;7,238;0,684
ObjB-260;0,097;30;260;1,631;72;260;260;0;74,6;134,433;7,233;74,6;134,433;7,233;0,684
ObjB-261;0,039;12;261;0,917;36;261;261;0;210,667;136,417;6,833;210,667;136,417;6,833;0,635
ObjB-262;0,081;25;262;1,42;60;262;262;0;436,96;137,88;7,12;436,96;137,88;7,12;0,707
ObjB-263;0,042;13;263;0,92;40;263;263;0;414,154;143,846;7,538;414,154;143,846;7,538;0,42
ObjB-264;0,065;20;264;1,523;62;264;264;0;445,5;145,8;7,75;445,5;145,8;7,75;0,958
ObjB-265;0,036;11;265;0,814;34;265;265;0;2,182;148,545;7,273;2,182;148,545;7,273;0,618
ObjB-266;0,01;3;266;0,314;14;266;266;0;4,667;148,667;7;4,667;148,667;7;0,147
ObjB-267;0,187;58;267;2,57;110;267;267;0;430,69;154,966;7,431;430,69;154,966;7,431;1,013
ObjB-268;0,061;19;268;1,296;56;268;268;0;404,579;157,526;6,895;404,579;157,526;6,895;0,635
ObjB-269;0,045;14;269;1,209;48;269;269;0;261;161,286;7,286;261;161,286;7,286;0,912
ObjB-270;0,162;50;270;2,467;108;270;270;0;432,68;165;7,08;432,68;165;7,08;0,8
ObjB-271;0,026;8;271;0,649;30;271;271;0;58,25;167,625;7,125;58,25;167,625;7,125;0,365
ObjB-272;0,023;7;272;0,647;26;272;272;0;320,857;168,286;6,571;320,857;168,286;6,571;0,365
ObjB-273;0,065;20;273;1,296;56;273;273;0;64,2;172,4;8,3;64,2;172,4;8,3;0,684
ObjB-274;0,078;24;274;2,069;90;274;274;0;29,125;177,792;7,5;29,125;177,792;7,5;0,744
ObjB-275;0,01;3;275;0,376;16;275;275;0;375,333;176,667;7,333;375,333;176,667;7,333;0,334
ObjB-276;0,081;25;276;1,607;66;276;276;0;237,92;178,28;7,16;237,92;178,28;7,16;0,924
ObjB-277;0,039;12;277;1,063;42;277;277;0;131,667;180,167;7,167;131,667;180,167;7,167;0,635
ObjB-278;0,032;10;278;0,833;32;278;278;0;41,6;181,4;6,9;41,6;181,4;6,9;0,618
ObjB-279;0,023;7;279;0,647;26;279;279;0;371,143;181,857;7,571;371,143;181,857;7,571;0,379
ObjB-280;0,055;17;280;1,212;52;280;280;0;367,706;182,824;6,647;367,706;182,824;6,647;0,643
ObjB-281;0,052;16;281;1,066;46;281;281;0;408;185,938;7,375;408;185,938;7,375;0,618
ObjB-282;0,029;9;282;0,733;34;282;282;0;462,889;186,222;6,889;462,889;186,222;6,889;0,42
ObjB-283;0,074;23;283;1,399;58;283;283;0;13,696;187,783;8;13,696;187,783;8;0,684
ObjB-284;0,116;36;284;2,11;90;284;284;0;478,389;189,778;6,306;478,389;189,778;6,306;0,975
ObjB-285;0,023;7;285;0,73;30;285;285;0;223,714;189,286;7,857;223,714;189,286;7,857;0,618
ObjB-286;0,023;7;286;0,709;28;286;286;0;341;191,571;7,143;341;191,571;7,143;0,609
ObjB-287;0,061;19;287;1,128;48;287;287;0;433,105;192,053;7,316;433,105;192,053;7,316;0,643
ObjB-288;0,016;5;288;0,501;20;288;288;0;415,2;193,6;7,4;415,2;193,6;7,4;0,334
ObjB-289;0,036;11;289;0,855;34;289;289;0;143,636;196,636;6,818;143,636;196,636;6,818;0,618
ObjB-290;0,058;18;290;1,358;58;290;290;0;202,833;199,056;7,778;202,833;199,056;7,778;0,643
ObjB-291;0,116;36;291;2,048;88;291;291;0;480,417;199,278;7,694;480,417;199,278;7,694;0,929
ObjB-292;0,065;20;292;1,319;62;292;292;0;32,6;201,25;7,75;32,6;201,25;7,75;0,553
ObjB-293;0,026;8;293;0,668;28;293;293;0;435,375;207,25;7,5;435,375;207,25;7,5;0,379
ObjB-294;0,01;3;294;0,376;16;294;294;0;309,333;208;7,333;309,333;208;7,333;0,379
ObjB-295;0,216;67;295;3,525;142;295;295;0;252,119;210,388;8,851;252,119;210,388;8,851;1,504
ObjB-296;0,013;4;296;0,479;18;296;296;0;335,5;210;7;335,5;210;7;0,609
ObjB-297;0,058;18;297;1,377;56;297;297;0;205,444;211,556;6,333;205,444;211,556;6,333;0,906
ObjB-298;0,016;5;298;0,419;20;298;298;0;255,4;212,8;7;255,4;212,8;7;0,232
ObjB-299;0,042;13;299;1,169;48;299;299;0;229,308;213,077;7;229,308;213,077;7;0,958
ObjB-300;0,078;24;300;1,523;62;300;300;0;223,708;220,583;7,25;223,708;220,583;7,25;0,929
ObjB-301;0,048;15;301;1,274;54;301;301;0;356,467;220,6;6,933;356,467;220,6;6,933;0,676
ObjB-302;0,023;7;302;0,668;28;302;302;0;182,714;226,429;7,429;182,714;226,429;7,429;0,379
ObjB-303;0,068;21;303;1,396;54;303;303;0;366,952;229,048;7,286;366,952;229,048;7,286;0,929
ObjB-304;0,045;14;304;1,003;44;304;304;0;399,929;230,786;6,571;399,929;230,786;6,571;0,42
ObjB-305;0,058;18;305;1,169;48;305;305;0;364,833;232,722;6,944;364,833;232,722;6,944;0,668
ObjB-306;0,036;11;306;1,044;44;306;306;0;129;234,545;7,091;129;234,545;7,091;0,643
ObjB-307;0,139;43;307;2,15;90;307;307;0;455,302;236,814;7,349;455,302;236,814;7,349;1,013
ObjB-308;0,081;25;308;1,504;64;308;308;0;347;240,64;6,8;347;240,64;6,8;0,684
ObjB-309;0,094;29;309;1,566;66;309;309;0;175,276;242,345;6,828;175,276;242,345;6,828;0,707
ObjB-310;0,094;29;310;1,734;74;310;310;0;328,103;244,172;7,034;328,103;244,172;7,034;0,707
ObjB-311;0,152;47;311;2,131;92;311;311;0;157,83;248,362;6,894;157,83;248,362;6,894;0,975
ObjB-312;0,055;17;312;1,212;52;312;312;0;19,765;249,588;8,118;19,765;249,588;8,118;0,643
ObjB-313;0,013;4;313;0,398;18;313;313;0;472;256,75;7;472;256,75;7;0,208
ObjB-314;0,197;61;314;2,838;116;314;314;0;274,164;259,967;6,508;274,164;259,967;6,508;1,039
ObjB-315;0,065;20;315;1,358;58;315;315;0;36,95;262;6,9;36,95;262;6,9;0,684
ObjB-316;0,048;15;316;1,128;48;316;316;0;343,6;263,8;7,467;343,6;263,8;7,467;0,676
ObjB-317;0,045;14;317;1,044;44;317;317;0;102,143;265,143;6,143;102,143;265,143;6,143;0,635
ObjB-318;0,071;22;318;1,65;70;318;318;0;354,545;265,864;6,955;354,545;265,864;6,955;0,744
ObjB-319;0,013;4;319;0,438;18;319;319;0;378,75;269,25;6,5;378,75;269,25;6,5;0,334
ObjB-320;0,081;25;320;1,42;60;320;320;0;19,6;271,12;7;19,6;271,12;7;0,707
ObjB-321;0,081;25;321;1,399;58;321;321;0;459,2;271,92;7,12;459,2;271,92;7,12;0,684
ObjB-322;0,039;12;322;0,92;40;322;322;0;329,167;276,167;7,167;329,167;276,167;7,167;0,609
ObjB-323;0,026;8;323;0,855;34;323;323;0;43,375;279,875;6,875;43,375;279,875;6,875;0,668
ObjB-324;0,149;46;324;2,359;98;324;324;0;174,065;283,457;6,63;174,065;283,457;6,63;0,975
ObjB-325;0,061;19;325;1,293;52;325;325;0;411;289,105;7;411;289,105;7;0,668
ObjB-326;0,039;12;326;0,898;38;326;326;0;459,333;291,333;6,75;459,333;291,333;6,75;0,618
ObjB-327;0,042;13;327;0,9;42;327;327;0;179,308;292,923;7,769;179,308;292,923;7,769;0,445
ObjB-328;0,061;19;328;1,252;52;328;328;0;447,211;292,105;6,789;447,211;292,105;6,789;0,643
ObjB-329;0,032;10;329;0,917;36;329;329;0;27,6;295,3;7,2;27,6;295,3;7,2;0,635
ObjB-330;0,029;9;330;0,814;34;330;330;0;321,556;298,222;7,556;321,556;298,222;7,556;0,379
ObjB-331;0,058;18;331;1,231;50;331;331;0;188,056;301,222;7,611;188,056;301,222;7,611;0,906
ObjB-332;0,12;37;332;1,983;82;332;332;0;23,703;305,703;7,324;23,703;305,703;7,324;0,952
ObjB-333;0,042;13;333;1,023;42;333;333;0;28,923;306,077;7,154;28,923;306,077;7,154;0,635
ObjB-334;0,094;29;334;1,691;70;334;334;0;7,724;313,828;6,759;7,724;313,828;6,759;0,929
ObjB-335;0,016;5;335;0,501;20;335;335;0;152,4;312,8;6,6;152,4;312,8;6,6;0,334
ObjB-336;0,013;4;336;0,522;22;336;336;0;233,25;314,5;7;233,25;314,5;7;0,6
ObjB-337;0,123;38;337;2,004;84;337;337;0;188,579;315,763;8,237;188,579;315,763;8,237;0,947
ObjB-338;0,194;60;338;2,673;112;338;338;0;6,433;319,15;7,433;6,433;319,15;7,433;0,958
ObjB-339;0,016;5;339;0,563;22;339;339;0;142,4;333,4;7,4;142,4;333,4;7,4;0,334
ObjB-340;0,039;12;340;0,795;36;340;340;0;248,75;342,083;6,667;248,75;342,083;6,667;0,42
ObjB-341;0,048;15;341;0,922;44;341;341;0;136,933;356,867;6,733;136,933;356,867;6,733;0,48
ObjB-342;0,139;43;342;2,4;98;342;342;0;46,837;360,372;7,791;46,837;360,372;7,791;1,209
ObjB-343;0,01;3;343;0,314;14;343;343;0;359,333;360,667;7;359,333;360,667;7;0,147
ObjB-344;0,103;32;344;1,942;82;344;344;0;29,219;369,938;6,875;29,219;369,938;6,875;1,235
ObjB-345;0,029;9;345;0,814;34;345;345;0;222,778;370,889;6,778;222,778;370,889;6,778;0,668
ObjB-346;0,029;9;346;0,773;34;346;346;0;400,889;369,778;6,667;400,889;369,778;6,667;0,379
ObjB-347;0,023;7;347;0,709;28;347;347;0;456,571;369,857;7,143;456,571;369,857;7,143;0,618
ObjB-348;0,01;3;348;0,417;16;348;348;0;391,333;386,667;7,333;391,333;386,667;7,333;0,334
ObjB-349;0,058;18;349;1,358;58;349;349;0;53,833;390,222;7,222;53,833;390,222;7,222;0,643
ObjB-350;0,01;3;350;0,438;18;350;350;0;216,667;390,667;7,333;216,667;390,667;7,333;0,317
ObjB-351;0,029;9;351;0,73;30;351;351;0;145,556;391,889;7,444;145,556;391,889;7,444;0,379
ObjB-352;0,074;23;352;2,17;88;352;352;0;358,826;396,609;7,826;358,826;396,609;7,826;1,274
ObjB-353;0,078;24;353;1,502;60;353;353;0;305;403,042;7,333;305;403,042;7,333;0,924
ObjB-354;0,036;11;354;0,773;34;354;354;0;453,273;407,364;6,636;453,273;407,364;6,636;0,379
ObjB-355;0,039;12;355;0,836;36;355;355;0;387,583;408;7,417;387,583;408;7,417;0,42
ObjB-356;0,023;7;356;0,606;26;356;356;0;9,429;416,857;7,286;9,429;416,857;7,286;0,334
ObjB-357;0,01;3;357;0,354;14;357;357;0;175;426,667;7,333;175;426,667;7,333;0,317
ObjB-358;0,074;23;358;1,42;60;358;358;0;77,565;427,739;7,913;77,565;427,739;7,913;0,676
ObjB-359;0,026;8;359;0,917;36;359;359;0;463,625;433,5;6,625;463,625;433,5;6,625;0,445
ObjB-360;0,039;12;360;0,876;36;360;360;0;455,917;443,417;7,833;455,917;443,417;7,833;0,643
ObjB-361;0,042;13;361;1,044;44;361;361;0;405,846;445,923;7,385;405,846;445,923;7,385;0,906
ObjB-362;0,078;24;362;1,439;58;362;362;0;424,958;446,958;6,25;424,958;446,958;6,25;0,929
ObjB-363;0,042;13;363;0,9;42;363;363;0;437,692;447,846;6,769;437,692;447,846;6,769;0,42
ObjB-364;0,139;43;364;2,756;116;364;364;0;275,721;449,86;7,07;275,721;449,86;7,07;1,344
ObjB-365;0,032;10;365;0,876;36;365;365;0;277,5;457;6,4;277,5;457;6,4;0,42
ObjB-366;0,013;4;366;0,335;16;366;366;0;176,5;458,5;7;176,5;458,5;7;0,147
ObjB-367;0,126;39;367;2,067;86;367;367;0;71,692;459,821;7,667;71,692;459,821;7,667;0,997
ObjB-368;0,029;9;368;0,773;34;368;368;0;422,667;466,889;6,667;422,667;466,889;6,667;0,379
ObjB-369;0,065;20;369;1,315;54;369;369;0;88,05;470;6,35;88,05;470;6,35;0,924
ObjB-370;0,036;11;370;0,876;36;370;370;0;206,455;469,909;7,091;206,455;469,909;7,091;0,618
ObjB-371;0,023;7;371;0,668;28;371;371;0;407;473,286;7,571;407;473,286;7,571;0,379
ObjB-372;0,029;9;372;1,023;42;372;372;0;226,333;478,333;7;226,333;478,333;7;0,668
ObjB-373;0,074;23;373;1,439;58;373;373;0;270,957;478,043;6,348;270,957;478,043;6,348;0,912
ObjB-374;0,036;11;374;1,023;42;374;374;0;31,091;480,364;6,818;31,091;480,364;6,818;0,635
ObjB-375;0,107;33;375;2,256;96;375;375;0;233,152;485,152;6,909;233,152;485,152;6,909;0,82
ObjB-376;0,103;32;376;1,65;70;376;376;0;253,344;489,656;7,219;253,344;489,656;7,219;0,684
ObjB-377;0,09;28;377;1,545;64;377;377;0;13,714;490,964;6,893;13,714;490,964;6,893;0,707
ObjB-378;0,036;11;378;0,939;38;378;378;0;384,091;10,727;8,273;384,091;10,727;8,273;0,618
ObjB-379;0,094;29;379;1,777;78;379;379;0;42,552;14,931;8,138;42,552;14,931;8,138;0,684
ObjB-380;0,016;5;380;0,606;26;380;380;0;283,8;17,4;8,2;283,8;17,4;8,2;0,334
ObjB-381;0,074;23;381;1,442;62;381;381;0;280,522;21,478;7,87;280,522;21,478;7,87;0,643
ObjB-382;0,178;55;382;2,67;108;382;382;0;298,545;22,545;8,982;298,545;22,545;8,982;1,257
ObjB-383;0,055;17;383;1,482;62;383;383;0;214,118;25,353;6,882;214,118;25,353;6,882;0,947
ObjB-384;0,058;18;384;1,607;66;384;384;0;346,611;28,278;9,333;346,611;28,278;9,333;1,257
ObjB-385;0,068;21;385;1,422;64;385;385;0;392,619;34,095;7,571;392,619;34,095;7,571;0,744
ObjB-386;0,019;6;386;0,522;22;386;386;0;132,5;39,667;8,333;132,5;39,667;8,333;0,334
ObjB-387;0,136;42;387;2,402;102;387;387;0;408,786;42,976;8,119;408,786;42,976;8,119;1,257
ObjB-388;0,019;6;388;0,584;24;388;388;0;172,833;45,167;7,667;172,833;45,167;7,667;0,365
ObjB-389;0,116;36;389;2,088;88;389;389;0;251,111;46,194;8,083;251,111;46,194;8,083;0,975
ObjB-390;0,019;6;390;0,625;24;390;390;0;339;51,167;7,833;339;51,167;7,833;0,609
ObjB-391;0,061;19;391;1,109;50;391;391;0;230,105;52,579;8,421;230,105;52,579;8,421;0,48
ObjB-392;0,039;12;392;0,876;36;392;392;0;132,417;52,917;7,833;132,417;52,917;7,833;0,643
ObjB-393;0,071;22;393;1,276;58;393;393;0;343,818;58,182;8,5;343,818;58,182;8,5;0,553
ObjB-394;0,078;24;394;1,401;62;394;394;0;362,792;57,917;8,625;362,792;57,917;8,625;0,668
ObjB-395;0,039;12;395;0,96;40;395;395;0;299,917;70,333;8;299,917;70,333;8;0,643
ObjB-396;0,042;13;396;0,857;38;396;396;0;220,538;73,615;7,538;220,538;73,615;7,538;0,445
ObjB-397;0,032;10;397;0,876;36;397;397;0;124,3;79,3;7,8;124,3;79,3;7,8;0,618
ObjB-398;0,12;37;398;2,112;94;398;398;0;206,432;83,189;8,081;206,432;83,189;8,081;0,82
ObjB-399;0,013;4;399;0,522;22;399;399;0;426,5;85;8;426,5;85;8;0,643
ObjB-400;0,026;8;400;0,814;34;400;400;0;326,875;88,25;8,125;326,875;88,25;8,125;0,609
ObjB-401;0,1;31;401;1,477;88;401;401;0;480,065;87,968;8;480,065;87,968;8;0,656
ObjB-402;0,048;15;402;1,044;44;402;402;0;238,867;92;7,6;238,867;92;7,6;0,618
ObjB-403;0,019;6;403;0,606;26;403;403;0;439;93;7,667;439;93;7,667;0,365
ObjB-404;0,036;11;404;0,836;36;404;404;0;207,636;94,182;8,455;207,636;94,182;8,455;0,379
ObjB-405;0,042;13;405;1,169;48;405;405;0;166,692;98,538;8,077;166,692;98,538;8,077;0,668
ObjB-406;0,068;21;406;1,418;56;406;406;0;318,952;97,238;9,905;318,952;97,238;9,905;0,947
ObjB-407;0,045;14;407;1,149;50;407;407;0;35,786;102,071;7,643;35,786;102,071;7,643;0,684
ObjB-408;0,052;16;408;1,106;46;408;408;0;381,875;101,875;8,125;381,875;101,875;8,125;0,668
ObjB-409;0,036;11;409;0,838;40;409;409;0;431,091;111,455;7,909;431,091;111,455;7,909;0,379
ObjB-410;0,026;8;410;0,69;30;410;410;0;158,25;111,875;8,25;158,25;111,875;8,25;0,365
ObjB-411;0,074;23;411;1,418;56;411;411;0;166,13;117,13;7,913;166,13;117,13;7,913;0,912
ObjB-412;0,016;5;412;0,522;22;412;412;0;113,6;124,4;8,4;113,6;124,4;8,4;0,334
ObjB-413;0,019;6;413;0,625;24;413;413;0;467,333;124,833;8,167;467,333;124,833;8,167;0,609
ObjB-414;0,071;22;414;1,461;60;414;414;0;235,727;127,409;8,364;235,727;127,409;8,364;0,912
ObjB-415;0,019;6;415;0,522;22;415;415;0;33,5;137,667;7,667;33,5;137,667;7,667;0,334
ObjB-416;0,042;13;416;1,209;48;416;416;0;459,077;139,077;7,615;459,077;139,077;7,615;0,912
ObjB-417;0,087;27;417;1,65;70;417;417;0;78,889;144,444;8,815;78,889;144,444;8,815;0,744
ObjB-418;0,055;17;418;1,231;50;418;418;0;196,235;146,294;7,941;196,235;146,294;7,941;0,684
ObjB-419;0,029;9;419;0,752;32;419;419;0;290,333;146,222;8,556;290,333;146,222;8,556;0,379
ObjB-420;0,042;13;420;0,92;40;420;420;0;449,923;146,923;8,385;449,923;146,923;8,385;0,379
ObjB-421;0,01;3;421;0,376;16;421;421;0;444,333;147,333;8,667;444,333;147,333;8,667;0,334
ObjB-422;0,039;12;422;0,939;38;422;422;0;241,667;149,083;7,833;241,667;149,083;7,833;0,635
ObjB-423;0,065;20;423;1,252;52;423;423;0;433,9;148,9;8,15;433,9;148,9;8,15;0,668
ObjB-424;0,016;5;424;0,584;24;424;424;0;396;152,6;7,4;396;152,6;7,4;0,379
ObjB-425;0,136;42;425;2,294;92;425;425;0;35,5;157,071;8,5;35,5;157,071;8,5;1,257
ObjB-426;0,107;33;426;1,818;78;426;426;0;273,576;161,667;8,636;273,576;161,667;8,636;0,924
ObjB-427;0,1;31;427;1,712;72;427;427;0;11,871;165,774;7,645;11,871;165,774;7,645;0,947
ObjB-428;0,036;11;428;0,857;38;428;428;0;266,636;165,545;8,273;266,636;165,545;8,273;0,379
ObjB-429;0,013;4;429;0,438;18;429;429;0;58,25;170,25;7,5;58,25;170,25;7,5;0,334
ObjB-430;0,055;17;430;1,439;58;430;430;0;49,765;171,588;8,588;49,765;171,588;8,588;0,912
ObjB-431;0,016;5;431;0,46;20;431;431;0;100,6;172,6;7,8;100,6;172,6;7,8;0,334
ObjB-432;0,061;19;432;1,399;58;432;432;0;321,316;172,158;8,158;321,316;172,158;8,158;0,684
ObjB-433;0,032;10;433;0,814;34;433;433;0;420;172,3;7,6;420;172,3;7,6;0,42
ObjB-434;0,013;4;434;0,501;20;434;434;0;179,25;173,5;7,5;179,25;173,5;7,5;0,334
ObjB-435;0,052;16;435;1,231;50;435;435;0;225,312;174,062;7,312;225,312;174,062;7,312;0,912
ObjB-436;0,029;9;436;0,773;34;436;436;0;45,889;174,333;7,778;45,889;174,333;7,778;0,379
ObjB-437;0,023;7;437;0,75;28;437;437;0;139,714;176,429;8;139,714;176,429;8;0,618
ObjB-438;0,019;6;438;0,647;26;438;438;0;159,5;176,5;7,833;159,5;176,5;7,833;0,618
ObjB-439;0,032;10;439;0,773;34;439;439;0;43,9;178,1;7,7;43,9;178,1;7,7;0,379
ObjB-440;0,094;29;440;2,002;80;440;440;0;39,241;179,862;8,483;39,241;179,862;8,483;1,27
ObjB-441;0,029;9;441;0,855;34;441;441;0;86,667;182;8;86,667;182;8;0,609
ObjB-442;0,026;8;442;0,709;28;442;442;0;17,25;187;7,5;17,25;187;7,5;0,365
ObjB-443;0,12;37;443;2,148;86;443;443;0;158,919;186,838;9,324;158,919;186,838;9,324;1,209
ObjB-444;0,042;13;444;1,042;40;444;444;0;422,923;189,385;7,385;422,923;189,385;7,385;0,912
ObjB-445;0,032;10;445;1,001;40;445;445;0;251,2;191,1;7,9;251,2;191,1;7,9;0,643
ObjB-446;0,016;5;446;0,563;22;446;446;0;18,6;193,6;8;18,6;193,6;8;0,618
ObjB-447;0,029;9;447;0,833;32;447;447;0;417,111;193,111;7,889;417,111;193,111;7,889;0,635
ObjB-448;0,084;26;448;1,731;70;448;448;0;205,577;195,346;7,808;205,577;195,346;7,808;0,929
ObjB-449;0,026;8;449;0,814;34;449;449;0;451,125;198,75;8,25;451,125;198,75;8,25;0,643
ObjB-450;0,026;8;450;0,793;32;450;450;0;68,625;202,5;7,875;68,625;202,5;7,875;0,609
ObjB-451;0,113;35;451;2,045;84;451;451;0;258,171;209,029;8,629;258,171;209,029;8,629;0,947
ObjB-452;0,026;8;452;0,711;32;452;452;0;128;213;8,25;128;213;8,25;0,379
ObjB-453;0,074;23;453;1,545;64;453;453;0;83,435;217,261;7,609;83,435;217,261;7,609;0,929
ObjB-454;0,032;10;454;0,939;38;454;454;0;145,2;215,6;8,8;145,2;215,6;8,8;0,676
ObjB-455;0,023;7;455;0,627;28;455;455;0;227,429;216,143;7,857;227,429;216,143;7,857;0,365
ObjB-456;0,074;23;456;1,399;58;456;456;0;142,261;216,783;7,957;142,261;216,783;7,957;0,684
ObjB-457;0,204;63;457;2,843;124;457;457;0;218,984;220,683;8,524;218,984;220,683;8,524;1,002
ObjB-458;0,026;8;458;0,814;34;458;458;0;307;222,875;8,5;307;222,875;8,5;0,379
ObjB-459;0,026;8;459;0,833;32;459;459;0;256,875;237,875;8;256,875;237,875;8;0,635
ObjB-460;0,042;13;460;0,917;36;460;460;0;194,385;244,462;8;194,385;244,462;8;0,618
ObjB-461;0,029;9;461;0,752;32;461;461;0;470,889;244,889;8,333;470,889;244,889;8,333;0,379
ObjB-462;0,029;9;462;0,793;32;462;462;0;146,333;245,444;8,889;146,333;245,444;8,889;0,643
ObjB-463;0,042;13;463;1,003;44;463;463;0;358,308;246,231;8,154;358,308;246,231;8,154;0,643
ObjB-464;0,11;34;464;1,878;76;464;464;0;304,265;247,353;8,235;304,265;247,353;8,235;0,929
ObjB-465;0,097;30;465;1,858;78;465;465;0;101,033;248,867;8,533;101,033;248,867;8,533;0,975
ObjB-466;0,045;14;466;1,023;42;466;466;0;309,286;250,857;9,214;309,286;250,857;9,214;0,643
ObjB-467;0,058;18;467;1,293;52;467;467;0;369,111;250,222;8,389;369,111;250,222;8,389;0,929
ObjB-468;0,113;35;468;1,945;86;468;468;0;327;251,943;8,257;327;251,943;8,257;0,737
ObjB-469;0,145;45;469;2,359;98;469;469;0;303,156;253,356;8,356;303,156;253,356;8,356;0,997
ObjB-470;0,042;13;470;1,023;42;470;470;0;362,769;257,077;8;362,769;257,077;8;0,643
ObjB-471;0,116;36;471;1,964;84;471;471;0;169;264,139;7,944;169;264,139;7,944;0,929
ObjB-472;0,042;13;472;0,96;40;472;472;0;367,615;271;8,385;367,615;271;8,385;0,618
ObjB-473;0,094;29;473;1,796;76;473;473;0;9,034;273,793;7,483;9,034;273,793;7,483;0,947
ObjB-474;0,058;18;474;1,128;48;474;474;0;208,944;273,222;7,944;208,944;273,222;7,944;0,643
ObjB-475;0,074;23;475;1,461;60;475;475;0;48,348;281,217;7,957;48,348;281,217;7,957;0,668
ObjB-476;0,071;22;476;1,482;62;476;476;0;149,227;282;8,136;149,227;282;8,136;0,737
ObjB-477;0,068;21;477;1,731;70;477;477;0;45,667;285,667;8,381;45,667;285,667;8,381;0,975
ObjB-478;0,068;21;478;1,439;58;478;478;0;426,333;286,048;8,524;426,333;286,048;8,524;0,906
ObjB-479;0,048;15;479;1,044;44;479;479;0;313;291,867;8,4;313;291,867;8,4;0,618
ObjB-480;0,045;14;480;1,023;42;480;480;0;476,929;295,643;8,214;476,929;295,643;8,214;0,643
ObjB-481;0,016;5;481;0,563;22;481;481;0;326,2;302,6;8;326,2;302,6;8;0,6
ObjB-482;0,029;9;482;0,752;32;482;482;0;8,778;307,222;7,556;8,778;307,222;7,556;0,379
ObjB-483;0,09;28;483;1,609;70;483;483;0;215,786;313,786;7,321;215,786;313,786;7,321;0,684
ObjB-484;0,058;18;484;1,274;54;484;484;0;285,389;327,778;8,278;285,389;327,778;8,278;0,643
ObjB-485;0,029;9;485;0,69;30;485;485;0;178,444;339,222;8,667;178,444;339,222;8,667;0,379
ObjB-486;0,048;15;486;1,066;46;486;486;0;426,733;341,533;8,333;426,733;341,533;8,333;0,668
ObjB-487;0,061;19;487;1,274;54;487;487;0;448,316;343,947;7,316;448,316;343,947;7,316;0,668
ObjB-488;0,071;22;488;1,339;60;488;488;0;129,409;346,045;8,773;129,409;346,045;8,773;0,643
ObjB-489;0,058;18;489;1,274;54;489;489;0;300,944;350,056;8,722;300,944;350,056;8,722;0,684
ObjB-490;0,071;22;490;1,358;58;490;490;0;155,227;356,727;8,318;155,227;356,727;8,318;0,668
ObjB-491;0,107;33;491;1,942;82;491;491;0;39,879;358,242;8,061;39,879;358,242;8,061;0,975
ObjB-492;0,071;22;492;1,13;52;492;492;0;312;358,5;8,5;312;358,5;8,5;0,48
ObjB-493;0,097;30;493;1,88;80;493;493;0;135,967;362,167;8,767;135,967;362,167;8,767;0,744
ObjB-494;0,039;12;494;0,795;36;494;494;0;212,917;362,75;8,667;212,917;362,75;8,667;0,42
ObjB-495;0,042;13;495;1,169;48;495;495;0;196,769;375,308;7,846;196,769;375,308;7,846;0,668
ObjB-496;0,029;9;496;0,752;32;496;496;0;290,778;376,222;8,556;290,778;376,222;8,556;0,379
ObjB-497;0,016;5;497;0,522;22;497;497;0;50;379,6;8,2;50;379,6;8,2;0,334
ObjB-498;0,052;16;498;1,212;52;498;498;0;41,375;384,188;8,312;41,375;384,188;8,312;0,684
ObjB-499;0,052;16;499;1,109;50;499;499;0;162;394,688;7,812;162;394,688;7,812;0,668
ObjB-500;0,11;34;500;1,818;78;500;500;0;36,588;395,941;7,941;36,588;395,941;7,941;0,759
ObjB-501;0,058;18;501;1,358;58;501;501;0;371,667;396;7,778;371,667;396;7,778;0,958
ObjB-502;0,026;8;502;0,67;32;502;502;0;381,25;395,625;8;381,25;395,625;8;0,328
ObjB-503;0,084;26;503;1,753;72;503;503;0;205,692;398,462;8,423;205,692;398,462;8,423;0,958
ObjB-504;0,094;29;504;2,232;90;504;504;0;212,172;400,103;8,931;212,172;400,103;8,931;1,204
ObjB-505;0,039;12;505;0,92;40;505;505;0;197,167;402,083;7,833;197,167;402,083;7,833;0,618
ObjB-506;0,087;27;506;1,588;68;506;506;0;87,704;406,333;8;87,704;406,333;8;0,684
ObjB-507;0,026;8;507;0,73;30;507;507;0;175;408;7,625;175;408;7,625;0,365
ObjB-508;0,061;19;508;1,336;56;508;508;0;285,053;409,105;7,895;285,053;409,105;7,895;0,668
ObjB-509;0,055;17;509;1,209;48;509;509;0;426,941;409,353;8,588;426,941;409,353;8,588;0,912
ObjB-510;0,045;14;510;1,106;46;510;510;0;154,571;410;9;154,571;410;9;0,635
ObjB-511;0,032;10;511;0,836;36;511;511;0;276,6;412;8,4;276,6;412;8,4;0,635
ObjB-512;0,09;28;512;1,794;72;512;512;0;13,821;413,286;9,571;13,821;413,286;9,571;0,975
ObjB-513;0,029;9;513;0,855;34;513;513;0;188,222;414,556;7,778;188,222;414,556;7,778;0,643
ObjB-514;0,042;13;514;1,188;46;514;514;0;381,538;417,846;8,308;381,538;417,846;8,308;0,912
ObjB-515;0,032;10;515;0,795;36;515;515;0;298;418,2;8;298;418,2;8;0,618
ObjB-516;0,032;10;516;0,92;40;516;516;0;395,9;419,9;7,5;395,9;419,9;7,5;0,445
ObjB-517;0,197;61;517;2,9;118;517;517;0;454,738;418,885;8,869;454,738;418,885;8,869;1,274
ObjB-518;0,087;27;518;1,585;64;518;518;0;175,444;424,259;8,333;175,444;424,259;8,333;0,929
ObjB-519;0,213;66;519;3,312;126;519;519;0;372,197;424,894;8,576;372,197;424,894;8,576;1,546
ObjB-520;0,058;18;520;1,648;66;520;520;0;323,722;425,333;8,778;323,722;425,333;8,778;1,222
ObjB-521;0,036;11;521;0,752;32;521;521;0;66,455;427,091;7,545;66,455;427,091;7,545;0,379
ObjB-522;0,026;8;522;0,668;28;522;522;0;143,5;428,25;8,625;143,5;428,25;8,625;0,379
ObjB-523;0,078;24;523;1,504;64;523;523;0;283,333;430,542;8;283,333;430,542;8;0,643
ObjB-524;0,126;39;524;2,191;90;524;524;0;221,077;436,077;9,641;221,077;436,077;9,641;0,991
ObjB-525;0,026;8;525;0,69;30;525;525;0;296,875;443,25;8,375;296,875;443,25;8,375;0,379
ObjB-526;0,039;12;526;1,231;50;526;526;0;11,667;443,917;7,333;11,667;443,917;7,333;0,929
ObjB-527;0,301;93;527;3,975;180;527;527;0;213,903;446,742;8,366;213,903;446,742;8,366;1,278
ObjB-528;0,081;25;528;1,461;60;528;528;0;232,12;445,84;7,88;232,12;445,84;7,88;0,707
ObjB-529;0,013;4;529;0,479;18;529;529;0;7;447,5;8;7;447,5;8;0,609
ObjB-530;0,107;33;530;1,94;78;530;530;0;116,212;448,485;7,515;116,212;448,485;7,515;0,947
ObjB-531;0,123;38;531;2,15;90;531;531;0;307,289;454,553;7,684;307,289;454,553;7,684;0,975
ObjB-532;0,078;24;532;1,504;64;532;532;0;447,167;457,708;8,208;447,167;457,708;8,208;0,707
ObjB-533;0,023;7;533;0,771;30;533;533;0;215,714;458,714;8,143;215,714;458,714;8,143;0,643
ObjB-534;0,01;3;534;0,354;14;534;534;0;453,667;460;7,333;453,667;460;7,333;0,317
ObjB-535;0,013;4;535;0,398;18;535;535;0;215,25;461,75;8;215,25;461,75;8;0,232
ObjB-536;0,023;7;536;0,565;26;536;536;0;50,429;462;7,857;50,429;462;7,857;0,334
ObjB-537;0,029;9;537;0,855;34;537;537;0;277,222;464,444;8;277,222;464,444;8;0,618
ObjB-538;0,136;42;538;2,67;108;538;538;0;462,619;465,19;9,167;462,619;465,19;9,167;1,257
ObjB-539;0,039;12;539;0,857;38;539;539;0;214,25;466,167;8,667;214,25;466,167;8,667;0,42
ObjB-540;0,09;28;540;1,88;80;540;540;0;197,5;469,536;7,857;197,5;469,536;7,857;1,044
ObjB-541;0,01;3;541;0,417;16;541;541;0;424,333;469,667;7,667;424,333;469,667;7,667;0,334
ObjB-542;0,045;14;542;1,085;44;542;542;0;279,786;470,286;7,857;279,786;470,286;7,857;0,676
ObjB-543;0,045;14;543;1,085;44;543;543;0;80;472,286;7,929;80;472,286;7,929;0,643
ObjB-544;0,029;9;544;0,793;32;544;544;0;270,778;474,778;7,778;270,778;474,778;7,778;0,635
ObjB-545;0,016;5;545;0,563;22;545;545;0;85,4;477,4;8;85,4;477,4;8;0,618
ObjB-546;0,09;28;546;1,899;78;546;546;0;265,857;477,286;7,893;265,857;477,286;7,893;1,218
ObjB-547;0,023;7;547;0,524;26;547;547;0;230;477,714;8;230;477,714;8;0,232
ObjB-548;0,113;35;548;2,004;84;548;548;0;22,657;480,171;8,371;22,657;480,171;8,371;0,929
ObjB-549;0,097;30;549;1,755;76;549;549;0;231,533;481,8;7,767;231,533;481,8;7,767;0,929
ObjB-550;0,016;5;550;0,501;20;550;550;0;390,2;480,4;8,6;390,2;480,4;8,6;0,334
ObjB-551;0,013;4;551;0,335;16;551;551;0;327,5;481,5;8;327,5;481,5;8;0,147
ObjB-552;0,016;5;552;0,606;26;552;552;0;285,6;483,6;8;285,6;483,6;8;0,6
ObjB-553;0,026;8;553;0,709;28;553;553;0;267;486,75;7,5;267;486,75;7,5;0,365
ObjB-554;0,068;21;554;1,566;66;554;554;0;214,667;491,286;8,143;214,667;491,286;8,143;0,684
ObjB-555;0,048;15;555;1,291;48;555;555;0;474,467;491,867;8,6;474,467;491,867;8,6;0,924
ObjB-556;0,045;14;556;1,044;44;556;556;0;20,071;7,214;9,071;20,071;7,214;9,071;0,668
ObjB-557;0,036;11;557;0,898;38;557;557;0;114;14,727;8,636;114;14,727;8,636;0,379
ObjB-558;0,078;24;558;1,463;64;558;558;0;96,75;19,375;10,042;96,75;19,375;10,042;0,707
ObjB-559;0,078;24;559;1,564;62;559;559;0;325,958;18,833;9,458;325,958;18,833;9,458;0,929
ObjB-560;0,016;5;560;0,541;20;560;560;0;380,4;27;9,2;380,4;27;9,2;0,609
ObjB-561;0,01;3;561;0,417;16;561;561;0;426,333;28,333;8,667;426,333;28,333;8,667;0,334
ObjB-562;0,065;20;562;1,214;56;562;562;0;189,3;33,75;8,65;189,3;33,75;8,65;0,533
ObjB-563;0,036;11;563;1,001;40;563;563;0;148,273;38,364;8,727;148,273;38,364;8,727;0,643
ObjB-564;0,087;27;564;1,731;70;564;564;0;399,333;41,185;9,259;399,333;41,185;9,259;0,929
ObjB-565;0,042;13;565;1,044;44;565;565;0;341,846;50,077;9,308;341,846;50,077;9,308;0,643
ObjB-566;0,048;15;566;1,085;44;566;566;0;483,867;53,333;9,067;483,867;53,333;9,067;0,643
ObjB-567;0,042;13;567;0,96;40;567;567;0;372,385;66,385;9,615;372,385;66,385;9,615;0,643
ObjB-568;0,145;45;568;2,462;100;568;568;0;474,978;67,333;9,533;474,978;67,333;9,533;0,997
ObjB-569;0,029;9;569;0,773;34;569;569;0;320,889;68,778;8,667;320,889;68,778;8,667;0,379
ObjB-570;0,048;15;570;1,066;46;570;570;0;300,067;77,933;9,067;300,067;77,933;9,067;0,643
ObjB-571;0,039;12;571;1,188;46;571;571;0;45,833;83,417;9,5;45,833;83,417;9,5;0,929
ObjB-572;0,145;45;572;2,191;90;572;572;0;151,556;87,711;9,556;151,556;87,711;9,556;0,975
ObjB-573;0,023;7;573;0,814;34;573;573;0;484,857;90,286;8,714;484,857;90,286;8,714;0,635
ObjB-574;0,142;44;574;2,713;112;574;574;0;71,773;95,523;8,5;71,773;95,523;8,5;1,287
ObjB-575;0,026;8;575;0,752;32;575;575;0;271,75;98,5;8,75;271,75;98,5;8,75;0,643
ObjB-576;0,048;15;576;1,169;48;576;576;0;2,067;100,8;9,733;2,067;100,8;9,733;0,643
ObjB-577;0,029;9;577;0,709;28;577;577;0;84,444;103,444;8,667;84,444;103,444;8,667;0,618
ObjB-578;0,061;19;578;1,149;50;578;578;0;207,947;110,158;8,421;207,947;110,158;8,421;0,618
ObjB-579;0,042;13;579;1,044;44;579;579;0;392;115;9,308;392;115;9,308;0,635
ObjB-580;0,187;58;580;2,898;114;580;580;0;82,19;116,328;8,948;82,19;116,328;8,948;1,528
ObjB-581;0,158;49;581;2,546;104;581;581;0;458,429;119,531;8,857;458,429;119,531;8,857;1,287
ObjB-582;0,081;25;582;1,585;64;582;582;0;50,04;118,88;9,2;50,04;118,88;9,2;0,947
ObjB-583;0,184;57;583;2,857;114;583;583;0;153,789;121,491;8,789;153,789;121,491;8,789;1,587
ObjB-584;0,029;9;584;0,833;32;584;584;0;468,111;122,889;8,889;468,111;122,889;8,889;0,635
ObjB-585;0,074;23;585;1,751;68;585;585;0;442,826;127,565;9,652;442,826;127,565;9,652;1,222
ObjB-586;0,061;19;586;1,502;60;586;586;0;298,947;130,316;9,211;298,947;130,316;9,211;0,975
ObjB-587;0,01;3;587;0,354;14;587;587;0;335;130,333;9,333;335;130,333;9,333;0,317
ObjB-588;0,071;22;588;1,461;60;588;588;0;221,045;137,318;9,773;221,045;137,318;9,773;0,947
ObjB-589;0,039;12;589;0,898;38;589;589;0;240;138;8,417;240;138;8,417;0,379
ObjB-590;0,023;7;590;0,627;28;590;590;0;182,143;140;8,143;182,143;140;8,143;0,334
ObjB-591;0,078;24;591;1,731;70;591;591;0;229,75;143,208;9,708;229,75;143,208;9,708;0,958
ObjB-592;0,036;11;592;0,939;38;592;592;0;290,636;141,727;9;290,636;141,727;9;0,643
ObjB-593;0,052;16;593;1,336;56;593;593;0;318,438;143,938;7,75;318,438;143,938;7,75;0,947
ObjB-594;0,019;6;594;0,584;24;594;594;0;244,167;149,833;8,667;244,167;149,833;8,667;0,365
ObjB-595;0,071;22;595;1,399;58;595;595;0;270,364;150,318;9,909;270,364;150,318;9,909;0,684
ObjB-596;0,036;11;596;1,042;40;596;596;0;305,273;152,091;8,091;305,273;152,091;8,091;0,684
ObjB-597;0,029;9;597;0,855;34;597;597;0;406;151,667;9,778;406;151,667;9,778;0,635
ObjB-598;0,045;14;598;1,106;46;598;598;0;249,214;155,857;8,714;249,214;155,857;8,714;0,668
ObjB-599;0,055;17;599;1,252;52;599;599;0;48,176;158,529;8,588;48,176;158,529;8,588;0,668
ObjB-600;0,058;18;600;1,13;52;600;600;0;429;159,333;8,611;429;159,333;8,611;0,523
ObjB-601;0,168;52;601;2,84;120;601;601;0;458,404;160,962;9,442;458,404;160,962;9,442;1,119
ObjB-602;0,081;25;602;1,688;66;602;602;0;27,52;167,08;9,84;27,52;167,08;9,84;0,947
ObjB-603;0,016;5;603;0,522;22;603;603;0;245;167,6;8,6;245;167,6;8,6;0,379
ObjB-604;0,087;27;604;1,753;72;604;604;0;117,222;168,481;8,556;117,222;168,481;8,556;0,912
ObjB-605;0,029;9;605;0,857;38;605;605;0;60,889;168,333;9;60,889;168,333;9;0,668
ObjB-606;0,058;18;606;1,315;54;606;606;0;198,333;169,722;9,778;198,333;169,722;9,778;0,929
ObjB-607;0,013;4;607;0,438;18;607;607;0;318,75;173,75;8,75;318,75;173,75;8,75;0,317
ObjB-608;0,032;10;608;0,795;36;608;608;0;316,2;175;8,8;316,2;175;8,8;0,42
ObjB-609;0,139;43;609;2,253;92;609;609;0;143,279;178,535;9,349;143,279;178,535;9,349;0,975
ObjB-610;0,039;12;610;0,795;36;610;610;0;458,75;180,083;8,667;458,75;180,083;8,667;0,42
ObjB-611;0,019;6;611;0,584;24;611;611;0;4,833;180,167;9,333;4,833;180,167;9,333;0,365
ObjB-612;0,026;8;612;0,668;28;612;612;0;85,375;184,625;8,625;85,375;184,625;8,625;0,379
ObjB-613;0,039;12;613;0,92;40;613;613;0;464,917;185,5;9,333;464,917;185,5;9,333;0,48
ObjB-614;0,139;43;614;2,378;96;614;614;0;211,907;186,605;9,186;211,907;186,605;9,186;1,257
ObjB-615;0,126;39;615;2,294;92;615;615;0;380,051;185,487;8,641;380,051;185,487;8,641;1,222
ObjB-616;0,116;36;616;2,067;86;616;616;0;234,389;187,083;9,528;234,389;187,083;9,528;1,002
ObjB-617;0,097;30;617;2,026;86;617;617;0;420,5;192,933;9,1;420,5;192,933;9,1;1,222
ObjB-618;0,039;12;618;1,147;46;618;618;0;6,667;195;9;6,667;195;9;0,668
ObjB-619;0,181;56;619;2,756;116;619;619;0;22,786;200;9,268;22,786;200;9,268;1,287
ObjB-620;0,036;11;620;0,879;40;620;620;0;217,455;203,455;8,727;217,455;203,455;8,727;0,445
ObjB-621;0,055;17;621;1,19;50;621;621;0;384;204,529;8,706;384;204,529;8,706;0,668
ObjB-622;0,019;6;622;0,647;26;622;622;0;204;205,833;8,667;204;205,833;8,667;0,365
ObjB-623;0,074;23;623;1,609;70;623;623;0;219,304;210,913;8,957;219,304;210,913;8,957;0,643
ObjB-624;0,068;21;624;1,293;52;624;624;0;338,19;217,905;9,905;338,19;217,905;9,905;0,643
ObjB-625;0,023;7;625;0,627;28;625;625;0;192,857;219,143;8,857;192,857;219,143;8,857;0,379
ObjB-626;0,032;10;626;0,814;34;626;626;0;453,8;218,1;8,4;453,8;218,1;8,4;0,379
ObjB-627;0,078;24;627;1,731;70;627;627;0;340;223,125;9,208;340;223,125;9,208;0,947
ObjB-628;0,22;68;628;3,882;160;628;628;0;95,471;227,382;8,838;95,471;227,382;8,838;1,307
ObjB-629;0,026;8;629;0,814;34;629;629;0;77,5;234,125;9,625;77,5;234,125;9,625;0,42
ObjB-630;0,032;10;630;1,001;40;630;630;0;114,7;233,9;9,8;114,7;233,9;9,8;0,643
ObjB-631;0,139;43;631;2,234;94;631;631;0;197,767;237,605;9,349;197,767;237,605;9,349;0,958
ObjB-632;0,036;11;632;1,023;42;632;632;0;419,818;238;8,818;419,818;238;8,818;0,635
ObjB-633;0,036;11;633;0,898;38;633;633;0;360,364;238,091;8,636;360,364;238,091;8,636;0,635
ObjB-634;0,01;3;634;0,354;14;634;634;0;470;245,667;8,667;470;245,667;8,667;0,317
ObjB-635;0,052;16;635;1,19;50;635;635;0;458,562;246;8,75;458,562;246;8,75;0,643
ObjB-636;0,068;21;636;1,71;68;636;636;0;314,524;248,095;9,476;314,524;248,095;9,476;0,929
ObjB-637;0,039;12;637;1,023;42;637;637;0;8,083;249,417;8,833;8,083;249,417;8,833;0,643
ObjB-638;0,097;30;638;1,94;78;638;638;0;205,433;256,233;9,367;205,433;256,233;9,367;1,002
ObjB-639;0,042;13;639;1,023;42;639;639;0;20,769;262;8,769;20,769;262;8,769;0,643
ObjB-640;0,058;18;640;1,13;52;640;640;0;323,333;266,778;8,611;323,333;266,778;8,611;0,48
ObjB-641;0,078;24;641;1,214;56;641;641;0;172,708;269,75;8,542;172,708;269,75;8,542;0,48
ObjB-642;0,097;30;642;1,573;78;642;642;0;352,1;269,8;8,7;352,1;269,8;8,7;0,608
ObjB-643;0,136;42;643;2,337;96;643;643;0;451,024;273;8,857;451,024;273;8,857;1,209
ObjB-644;0,048;15;644;1,188;46;644;644;0;473,333;274,533;9,067;473,333;274,533;9,067;0,668
ObjB-645;0,045;14;645;1,001;40;645;645;0;272,5;277,5;9,929;272,5;277,5;9,929;0,643
ObjB-646;0,116;36;646;2,15;90;646;646;0;408,306;277,444;9,361;408,306;277,444;9,361;1,257
ObjB-647;0,09;28;647;1,983;82;647;647;0;67,964;279,071;9,071;67,964;279,071;9,071;1,218
ObjB-648;0,032;10;648;0,752;32;648;648;0;381;280,5;8,5;381;280,5;8,5;0,379
ObjB-649;0,178;55;649;2,608;106;649;649;0;6,073;282,8;9,364;6,073;282,8;9,364;1,278
ObjB-650;0,058;18;650;1,418;56;650;650;0;217,778;285,222;9,278;217,778;285,222;9,278;0,958
ObjB-651;0,09;28;651;1,815;74;651;651;0;305,429;285,286;9,536;305,429;285,286;9,536;0,958
ObjB-652;0,262;81;652;3,429;152;652;652;0;231,123;288,407;9,728;231,123;288,407;9,728;1,198
ObjB-653;0,029;9;653;0,795;36;653;653;0;79,333;287,667;8,889;79,333;287,667;8,889;0,432
ObjB-654;0,023;7;654;0,814;34;654;654;0;453,286;289,286;8,714;453,286;289,286;8,714;0,44
ObjB-655;0,065;20;655;1,377;56;655;655;0;127,2;294;10,1;127,2;294;10,1;0,676
ObjB-656;0,123;38;656;1,961;80;656;656;0;439,763;293,526;9,158;439,763;293,526;9,158;0,947
ObjB-657;0,116;36;657;2,543;100;657;657;0;75,889;299;9,333;75,889;299;9,333;1,044
ObjB-658;0,032;10;658;0,876;36;658;658;0;95,8;298,9;8,8;95,8;298,9;8,8;0,618
ObjB-659;0,01;3;659;0,376;16;659;659;0;203,333;302,667;9,333;203,333;302,667;9,333;0,334
ObjB-660;0,023;7;660;0,647;26;660;660;0;37,143;311,429;9,429;37,143;311,429;9,429;0,379
ObjB-661;0,074;23;661;1,588;68;661;661;0;12,609;312,391;9,522;12,609;312,391;9,522;0,912
ObjB-662;0,032;10;662;0,855;34;662;662;0;344,4;315,7;8,8;344,4;315,7;8,8;0,635
ObjB-663;0,039;12;663;0,833;32;663;663;0;87,5;316,5;9;87,5;316,5;9;0,618
ObjB-664;0,016;5;664;0,501;20;664;664;0;42,4;321,2;8,6;42,4;321,2;8,6;0,334
ObjB-665;0,032;10;665;0,752;32;665;665;0;242,4;322,7;9,5;242,4;322,7;9,5;0,379
ObjB-666;0,045;14;666;1,209;48;666;666;0;406,714;324,571;9,286;406,714;324,571;9,286;0,912
ObjB-667;0,048;15;667;1,293;52;667;667;0;244,667;329,667;8,533;244,667;329,667;8,533;0,975
ObjB-668;0,12;37;668;2,024;82;668;668;0;127,568;334,405;9,297;127,568;334,405;9,297;0,958
ObjB-669;0,081;25;669;1,607;66;669;669;0;435,8;335,36;8,28;435,8;335,36;8,28;0,924
ObjB-670;0,013;4;670;0,398;18;670;670;0;249;341,5;9;249;341,5;9;0,232
ObjB-671;0,026;8;671;0,855;34;671;671;0;194,125;350,625;8,625;194,125;350,625;8,625;0,635
ObjB-672;0,045;14;672;1,188;46;672;672;0;368,214;350,214;9,143;368,214;350,214;9,143;0,929
ObjB-673;0,055;17;673;1,355;54;673;673;0;158,588;356,353;9,412;158,588;356,353;9,412;0,912
ObjB-674;0,048;15;674;1,068;50;674;674;0;137,333;355,6;9,2;137,333;355,6;9,2;0,44
ObjB-675;0,026;8;675;0,752;32;675;675;0;342,625;357,75;8,5;342,625;357,75;8,5;0,42
ObjB-676;0,026;8;676;0,627;28;676;676;0;211,875;359,625;8,75;211,875;359,625;8,75;0,379
ObjB-677;0,061;19;677;1,48;58;677;677;0;433,211;360,368;9,263;433,211;360,368;9,263;0,929
ObjB-678;0,019;6;678;0,544;24;678;678;0;188,167;368,5;8,833;188,167;368,5;8,833;0,334
ObjB-679;0,048;15;679;0,941;42;679;679;0;321,333;368,267;8,6;321,333;368,267;8,6;0,48
ObjB-680;0,013;4;680;0,438;18;680;680;0;49;373;8,5;49;373;8,5;0,365
ObjB-681;0,039;12;681;0,96;40;681;681;0;411,083;376,583;8,917;411,083;376,583;8,917;0,618
ObjB-682;0,036;11;682;1,001;40;682;682;0;14,364;385,273;8,727;14,364;385,273;8,727;0,643
ObjB-683;0,045;14;683;0,963;44;683;683;0;26,786;386,071;8,714;26,786;386,071;8,714;0,42
ObjB-684;0,039;12;684;1,126;44;684;684;0;161,167;385,75;9,25;161,167;385,75;9,25;0,912
ObjB-685;0,032;10;685;0,96;40;685;685;0;286,1;385;9;286,1;385;9;0,635
ObjB-686;0,013;4;686;0,438;18;686;686;0;436,75;386,5;8,75;436,75;386,5;8,75;0,334
ObjB-687;0,026;8;687;0,876;36;687;687;0;328,625;393,125;9,5;328,625;393,125;9,5;0,668
ObjB-688;0,155;48;688;2,421;100;688;688;0;184,25;397,438;9,646;184,25;397,438;9,646;0,975
ObjB-689;0,013;4;689;0,438;18;689;689;0;289;402;8,5;289;402;8,5;0,365
ObjB-690;0,026;8;690;0,711;32;690;690;0;222,875;404;8,875;222,875;404;8,875;0,334
ObjB-691;0,01;3;691;0,314;14;691;691;0;259,667;404,667;9;259,667;404,667;9;0,147
ObjB-692;0,039;12;692;0,941;42;692;692;0;460,083;405,667;9,167;460,083;405,667;9,167;0,635
ObjB-693;0,036;11;693;0,876;36;693;693;0;410,182;406,364;9,727;410,182;406,364;9,727;0,643
ObjB-694;0,019;6;694;0,544;24;694;694;0;450,5;407,667;9,167;450,5;407,667;9,167;0,379
ObjB-695;0,036;11;695;0,96;40;695;695;0;55,091;415;9,182;55,091;415;9,182;0,668
ObjB-696;0,029;9;696;0,752;32;696;696;0;181;415,556;8,667;181;415,556;8,667;0,379
ObjB-697;0,023;7;697;0,855;34;697;697;0;208,857;421,286;8,429;208,857;421,286;8,429;0,906
ObjB-698;0,016;5;698;0,522;22;698;698;0;398,8;428,2;8,8;398,8;428,2;8,8;0,334
ObjB-699;0,087;27;699;1,899;78;699;699;0;340,741;436,741;9,444;340,741;436,741;9,444;0,958
ObjB-700;0,116;36;700;2,234;94;700;700;0;19,556;436,833;9,528;19,556;436,833;9,528;0,958
ObjB-701;0,074;23;701;1,418;56;701;701;0;467,826;437,87;9,913;467,826;437,87;9,913;0,912
ObjB-702;0,048;15;702;1,147;46;702;702;0;37,6;442;9;37,6;442;9;0,643
ObjB-703;0,097;30;703;1,815;74;703;703;0;420,4;442,3;8,7;420,4;442,3;8,7;0,958
ObjB-704;0,052;16;704;1,006;48;704;704;0;440,562;448,312;9,25;440,562;448,312;9,25;0,42
ObjB-705;0,126;39;705;2,294;92;705;705;0;116,667;453,538;8,744;116,667;453,538;8,744;1,244
ObjB-706;0,045;14;706;1,209;48;706;706;0;185,5;454,643;9,286;185,5;454,643;9,286;0,912
ObjB-707;0,129;40;707;2,024;82;707;707;0;404,2;455,25;9,625;404,2;455,25;9,625;0,997
ObjB-708;0,019;6;708;0,522;22;708;708;0;63,5;457,333;9,667;63,5;457,333;9,667;0,334
ObjB-709;0,029;9;709;0,855;34;709;709;0;160,222;463;8,222;160,222;463;8,222;0,618
ObjB-710;0,09;28;710;1,609;70;710;710;0;104,679;463,714;8,179;104,679;463,714;8,179;0,668
ObjB-711;0,019;6;711;0,544;24;711;711;0;140,667;467,167;9,167;140,667;467,167;9,167;0,334
ObjB-712;0,078;24;712;1,444;66;712;712;0;218,25;466,125;8,542;218,25;466,125;8,542;0,684
ObjB-713;0,036;11;713;0,96;40;713;713;0;424,364;467,273;9,182;424,364;467,273;9,182;0,635
ObjB-714;0,019;6;714;0,73;30;714;714;0;289,833;468,167;9;289,833;468,167;9;0,609
ObjB-715;0,078;24;715;1,549;72;715;715;0;219,042;471,458;8,708;219,042;471,458;8,708;0,659
ObjB-716;0,019;6;716;0,709;28;716;716;0;282,167;472;8,5;282,167;472;8,5;0,365
ObjB-717;0,032;10;717;1,106;46;717;717;0;224,8;472,8;9,7;224,8;472,8;9,7;0,643
ObjB-718;0,013;4;718;0,398;18;718;718;0;125,25;475,75;9;125,25;475,75;9;0,232
ObjB-719;0,145;45;719;2,234;94;719;719;0;167,8;478,422;9,4;167,8;478,422;9,4;1,002
ObjB-720;0,074;23;720;1,48;58;720;720;0;472,261;480,261;9,826;472,261;480,261;9,826;0,929
ObjB-721;0,048;15;721;1,003;44;721;721;0;285,067;481;9,133;285,067;481;9,133;0,668
ObjB-722;0,029;9;722;0,836;36;722;722;0;48,667;481,667;9,222;48,667;481,667;9,222;0,445
ObjB-723;0,078;24;723;1,708;64;723;723;0;330,417;481,708;8,917;330,417;481,708;8,917;1,209
ObjB-724;0,042;13;724;0,86;42;724;724;0;215,769;484,077;8,846;215,769;484,077;8,846;0,445
ObjB-725;0,074;23;725;1,607;66;725;725;0;383,652;483,435;9,87;383,652;483,435;9,87;0,924
ObjB-726;0,042;13;726;1,003;44;726;726;0;56,923;486,385;8,692;56,923;486,385;8,692;0,48
ObjB-727;0,026;8;727;0,649;30;727;727;0;134,125;486;8,875;134,125;486;8,875;0,379
ObjB-728;0,074;23;728;1,482;62;728;728;0;255,348;2,13;10,13;255,348;2,13;10,13;0,707
ObjB-729;0,029;9;729;0,773;34;729;729;0;110,667;10;10,444;110,667;10;10,444;0,379
ObjB-730;0,016;5;730;0,501;20;730;730;0;0;15,2;10,6;0;15,2;10,6;0,365
ObjB-731;0,036;11;731;0,898;38;731;731;0;134,545;21,091;10,455;134,545;21,091;10,455;0,635
ObjB-732;0,029;9;732;0,771;30;732;732;0;333,333;40,556;10,222;333,333;40,556;10,222;0,618
ObjB-733;0,019;6;733;0,73;30;733;733;0;311,833;41,833;9,833;311,833;41,833;9,833;0,668
ObjB-734;0,016;5;734;0,563;22;734;734;0;59,6;46,2;10;59,6;46,2;10;0,609
ObjB-735;0,068;21;735;1,233;54;735;735;0;173,762;46,714;10,524;173,762;46,714;10,524;0,533
ObjB-736;0,2;62;736;2,902;122;736;736;0;108,145;61,629;9,774;108,145;61,629;9,774;1,044
ObjB-737;0,103;32;737;1,798;80;737;737;0;114,656;67,719;10,438;114,656;67,719;10,438;0,73
ObjB-738;0,026;8;738;0,833;32;738;738;0;180,25;69,625;9,375;180,25;69,625;9,375;0,912
ObjB-739;0,013;4;739;0,501;20;739;739;0;328,75;74,5;10,5;328,75;74,5;10,5;0,334
ObjB-740;0,01;3;740;0,438;18;740;740;0;205,333;85,667;10,333;205,333;85,667;10,333;0,317
ObjB-741;0,21;65;741;2,498;126;741;741;0;479,969;87,108;10,462;479,969;87,108;10,462;0,889
ObjB-742;0,061;19;742;1,399;58;742;742;0;67,632;88,895;10,316;67,632;88,895;10,316;0,668
ObjB-743;0,029;9;743;0,917;36;743;743;0;327,778;100,222;10,111;327,778;100,222;10,111;0,643
ObjB-744;0,12;37;744;1,983;82;744;744;0;80,595;103,027;9,919;80,595;103,027;9,919;0,975
ObjB-745;0,126;39;745;2,114;98;745;745;0;118,744;121,282;10,436;118,744;121,282;10,436;0,82
ObjB-746;0,084;26;746;1,648;66;746;746;0;57,231;124,308;9,731;57,231;124,308;9,731;0,929
ObjB-747;0,068;21;747;1,542;60;747;747;0;178,143;124,714;9,81;178,143;124,714;9,81;0,958
ObjB-748;0,084;26;748;1,753;72;748;748;0;134,962;125,654;10,115;134,962;125,654;10,115;1,013
ObjB-749;0,081;25;749;1,585;64;749;749;0;445,8;126,96;9,92;445,8;126,96;9,92;0,947
ObjB-750;0,019;6;750;0,606;26;750;750;0;34,833;134,667;10,333;34,833;134,667;10,333;0,334
ObjB-751;0,061;19;751;1,377;56;751;751;0;322,789;147,526;9,895;322,789;147,526;9,895;0,684
ObjB-752;0,116;36;752;2,11;90;752;752;0;247,056;150,722;9,806;247,056;150,722;9,806;0,958
ObjB-753;0,045;14;753;1,003;44;753;753;0;342,286;165,071;10,5;342,286;165,071;10,5;0,668
ObjB-754;0,09;28;754;1,612;74;754;754;0;46,25;175,143;10,536;46,25;175,143;10,536;0,523
ObjB-755;0,052;16;755;1,293;52;755;755;0;154,812;179;10,125;154,812;179;10,125;0,643
ObjB-756;0,061;19;756;1,358;58;756;756;0;27,526;179,684;10,263;27,526;179,684;10,263;0,707
ObjB-757;0,039;12;757;1,147;46;757;757;0;43,5;187;10,083;43,5;187;10,083;0,643
ObjB-758;0,126;39;758;2,213;92;758;758;0;72,205;187,385;9,615;72,205;187,385;9,615;0,947
ObjB-759;0,052;16;759;1,147;46;759;759;0;29,875;188,25;10,062;29,875;188,25;10,062;0,643
ObjB-760;0,013;4;760;0,438;18;760;760;0;33;199;10,25;33;199;10,25;0,317
ObjB-761;0,058;18;761;1,523;62;761;761;0;225,167;203,333;10,167;225,167;203,333;10,167;0,643
ObjB-762;0,061;19;762;1,315;54;762;762;0;445,158;203,895;9,632;445,158;203,895;9,632;0,929
ObjB-763;0,01;3;763;0,376;16;763;763;0;37,667;210,333;9,667;37,667;210,333;9,667;0,334
ObjB-764;0,11;34;764;1,755;76;764;764;0;274,941;220,5;10,235;274,941;220,5;10,235;0,737
ObjB-765;0,184;57;765;2,902;122;765;765;0;443,561;224,035;9,825;443,561;224,035;9,825;1,085
ObjB-766;0,01;3;766;0,438;18;766;766;0;438;238,333;10;438;238,333;10;0,643
ObjB-767;0,036;11;767;0,96;40;767;767;0;52,182;238,818;9,545;52,182;238,818;9,545;0,643
ObjB-768;0,09;28;768;1,672;72;768;768;0;163,964;243,857;9,786;163,964;243,857;9,786;0,759
ObjB-769;0,01;3;769;0,354;14;769;769;0;91;249,667;9,667;91;249,667;9,667;0,317
ObjB-770;0,094;29;770;1,712;72;770;770;0;292,517;248,448;10;292,517;248,448;10;0,684
ObjB-771;0,042;13;771;0,96;40;771;771;0;97,769;251,615;10,231;97,769;251,615;10,231;0,668
ObjB-772;0,032;10;772;0,917;36;772;772;0;78,2;254,4;9,6;78,2;254,4;9,6;0,643
ObjB-773;0,023;7;773;0,709;28;773;773;0;198,143;253,143;9,857;198,143;253,143;9,857;0,609
ObjB-774;0,039;12;774;0,939;38;774;774;0;100,333;256,5;9,667;100,333;256,5;9,667;0,618
ObjB-775;0,152;47;775;2,196;98;775;775;0;266,319;262,447;10,191;266,319;262,447;10,191;0,759
ObjB-776;0,036;11;776;0,917;36;776;776;0;385;263,273;10,182;385;263,273;10,182;0,635
ObjB-777;0,01;3;777;0,376;16;777;777;0;134,667;272,333;10,333;134,667;272,333;10,333;0,334
ObjB-778;0,081;25;778;1,525;66;778;778;0;179,8;277,24;10,36;179,8;277,24;10,36;0,707
ObjB-779;0,087;27;779;1,626;64;779;779;0;471,111;276,852;9,778;471,111;276,852;9,778;0,929
ObjB-780;0,094;29;780;1,94;78;780;780;0;145,034;278,034;9,483;145,034;278,034;9,483;0,947
ObjB-781;0,068;21;781;1,274;54;781;781;0;393,667;278,286;10,095;393,667;278,286;10,095;0,684
ObjB-782;0,074;23;782;1,317;58;782;782;0;410,913;290,043;10,478;410,913;290,043;10,478;0,512
ObjB-783;0,065;20;783;1,315;54;783;783;0;156,45;291,3;10,05;156,45;291,3;10,05;0,676
ObjB-784;0,052;16;784;1,001;40;784;784;0;453,125;291,5;10,125;453,125;291,5;10,125;0,643
ObjB-785;0,042;13;785;0,96;40;785;785;0;220,846;294,308;10,462;220,846;294,308;10,462;0,643
ObjB-786;0,068;21;786;1,252;52;786;786;0;202,905;300,143;10,19;202,905;300,143;10,19;0,668
ObjB-787;0,139;43;787;2,297;96;787;787;0;377,07;304,442;9,791;377,07;304,442;9,791;0,975
ObjB-788;0,084;26;788;1,588;68;788;788;0;466,846;307,462;10,231;466,846;307,462;10,231;0,737
ObjB-789;0,013;4;789;0,438;18;789;789;0;17,25;308,25;9,75;17,25;308,25;9,75;0,317
ObjB-790;0,12;37;790;2,213;92;790;790;0;244,351;309,297;9,649;244,351;309,297;9,649;0,975
ObjB-791;0,081;25;791;1,384;68;791;791;0;217,76;312,2;10,28;217,76;312,2;10,28;0,48
ObjB-792;0,081;25;792;1,545;64;792;792;0;228,56;315,64;10,2;228,56;315,64;10,2;0,684
ObjB-793;0,052;16;793;1,272;50;793;793;0;41,125;323,812;10,125;41,125;323,812;10,125;0,668
ObjB-794;0,087;27;794;1,94;78;794;794;0;24,556;325,852;9,741;24,556;325,852;9,741;0,958
ObjB-795;0,023;7;795;0,709;28;795;795;0;90,429;332,571;10,143;90,429;332,571;10,143;0,609
ObjB-796;0,061;19;796;1,418;56;796;796;0;298,684;333,579;9,684;298,684;333,579;9,684;0,952
ObjB-797;0,061;19;797;1,48;58;797;797;0;91,105;336,316;9,421;91,105;336,316;9,421;0,947
ObjB-798;0,184;57;798;2,572;114;798;798;0;155,123;340,719;10,07;155,123;340,719;10,07;0,975
ObjB-799;0,023;7;799;0,584;24;799;799;0;398,429;342,429;10,571;398,429;342,429;10,571;0,334
ObjB-800;0,103;32;800;1,525;66;800;800;0;447,594;357,031;9,906;447,594;357,031;9,906;0,707
ObjB-801;0,048;15;801;1,169;48;801;801;0;191,8;361,2;10,2;191,8;361,2;10,2;0,643
ObjB-802;0,097;30;802;1,547;68;802;802;0;376,533;369,433;10,333;376,533;369,433;10,333;0,668
ObjB-803;0,045;14;803;0,922;44;803;803;0;234,643;372;10,786;234,643;372;10,786;0,42
ObjB-804;0,023;7;804;0,647;26;804;804;0;327,286;395,571;9,429;327,286;395,571;9,429;0,379
ObjB-805;0,084;26;805;1,482;62;805;805;0;24,192;396,962;10,077;24,192;396,962;10,077;0,684
ObjB-806;0,068;21;806;1,502;60;806;806;0;273,857;397,952;9,81;273,857;397,952;9,81;0,929
ObjB-807;0,019;6;807;0,544;24;807;807;0;444,5;402,167;10,833;444,5;402,167;10,833;0,334
ObjB-808;0,107;33;808;1,858;78;808;808;0;25,818;406,273;10,121;25,818;406,273;10,121;0,759
ObjB-809;0,023;7;809;0,73;30;809;809;0;210,429;405,857;10,286;210,429;405,857;10,286;0,618
ObjB-810;0,116;36;810;2,277;98;810;810;0;215,111;405,361;10,278;215,111;405,361;10,278;0,82
ObjB-811;0,048;15;811;1,439;58;811;811;0;209,267;411;9,333;209,267;411;9,333;0,929
ObjB-812;0,032;10;812;0,771;30;812;812;0;311,5;412,6;10,2;311,5;412,6;10,2;0,618
ObjB-813;0,016;5;813;0,584;24;813;813;0;421,6;414,4;10,4;421,6;414,4;10,4;0,334
ObjB-814;0,065;20;814;1,439;58;814;814;0;299,8;414,8;10,2;299,8;414,8;10,2;0,737
ObjB-815;0,023;7;815;0,752;32;815;815;0;367,143;415,714;10,143;367,143;415,714;10,143;0,668
ObjB-816;0,065;20;816;1,399;58;816;816;0;268,2;421,65;10,1;268,2;421,65;10,1;0,684
ObjB-817;0,016;5;817;0,501;20;817;817;0;3,8;423,4;10,6;3,8;423,4;10,6;0,334
ObjB-818;0,036;11;818;0,939;38;818;818;0;53,364;430,909;10,455;53,364;430,909;10,455;0,635
ObjB-819;0,045;14;819;1,418;56;819;819;0;204,929;431,571;9,643;204,929;431,571;9,643;0,929
ObjB-820;0,042;13;820;0,96;40;820;820;0;158,692;442,692;10,308;158,692;442,692;10,308;0,643
ObjB-821;0,087;27;821;1,691;70;821;821;0;483,296;443,074;9,889;483,296;443,074;9,889;0,759
ObjB-822;0,1;31;822;1,815;74;822;822;0;55,355;449,258;9,387;55,355;449,258;9,387;0,958
ObjB-823;0,068;21;823;1,339;60;823;823;0;447,143;452,143;10,619;447,143;452,143;10,619;0,523
ObjB-824;0,048;15;824;1,085;44;824;824;0;396,333;451,133;10,133;396,333;451,133;10,133;0,635
ObjB-825;0,171;53;825;2,735;114;825;825;0;33,906;458,075;9,774;33,906;458,075;9,774;1,039
ObjB-826;0,036;11;826;1,044;44;826;826;0;0,545;462,091;9,727;0,545;462,091;9,727;0,643
ObjB-827;0,048;15;827;0,963;44;827;827;0;51,4;461,667;10,333;51,4;461,667;10,333;0,445
ObjB-828;0,058;18;828;1,315;54;828;828;0;43,444;463,444;10;43,444;463,444;10;0,684
ObjB-829;0,078;24;829;1,439;58;829;829;0;163,083;462,917;9,75;163,083;462,917;9,75;0,912
ObjB-830;0,048;15;830;1,044;44;830;830;0;95,2;465,8;9,8;95,2;465,8;9,8;0,635
ObjB-831;0,036;11;831;0,917;36;831;831;0;92,636;471,636;10;92,636;471,636;10;0,618
ObjB-832;0,036;11;832;1,104;42;832;832;0;284,545;472,273;9,455;284,545;472,273;9,455;0,912
ObjB-833;0,055;17;833;1,149;50;833;833;0;229,235;478,824;10,412;229,235;478,824;10,412;0,48
ObjB-834;0,032;10;834;0,795;36;834;834;0;326,2;481,1;10,3;326,2;481,1;10,3;0,379
ObjB-835;0,032;10;835;0,855;34;835;835;0;78,2;482,7;10,2;78,2;482,7;10,2;0,643
ObjB-836;0,029;9;836;0,836;36;836;836;0;216,778;488,556;10;216,778;488,556;10;0,643
ObjB-837;0,142;44;837;2,464;104;837;837;0;70,409;488,386;9,886;70,409;488,386;9,886;1,013
ObjB-838;0,016;5;838;0,522;22;838;838;0;115,6;7;10,8;115,6;7;10,8;0,334
ObjB-839;0,023;7;839;0,584;24;839;839;0;325,429;7,571;10,571;325,429;7,571;10,571;0,334
ObjB-840;0,107;33;840;1,818;78;840;840;0;401,333;7,485;10,182;401,333;7,485;10,182;0,707
ObjB-841;0,039;12;841;0,982;42;841;841;0;85,5;9,667;10,417;85,5;9,667;10,417;0,445
ObjB-842;0,065;20;842;1,087;48;842;842;0;143,2;11;10,5;143,2;11;10,5;0,445
ObjB-843;0,019;6;843;0,503;24;843;843;0;115;13,167;11;115;13,167;11;0,294
ObjB-844;0,036;11;844;0,833;32;844;844;0;429,545;14,455;10,091;429,545;14,455;10,091;0,618
ObjB-845;0,045;14;845;0,963;44;845;845;0;42,786;16,714;10,714;42,786;16,714;10,714;0,445
ObjB-846;0,074;23;846;1,42;60;846;846;0;50,043;20,957;10,304;50,043;20,957;10,304;0,668
ObjB-847;0,039;12;847;0,982;42;847;847;0;421,5;26,083;10,25;421,5;26,083;10,25;0,643
ObjB-848;0,013;4;848;0,335;16;848;848;0;427,5;27,5;11;427,5;27,5;11;0,147
ObjB-849;0,068;21;849;1,545;64;849;849;0;444,333;34,905;10,095;444,333;34,905;10,095;0,684
ObjB-850;0,019;6;850;0,441;22;850;850;0;189;34,5;11;189;34,5;11;0,232
ObjB-851;0,023;7;851;0,587;28;851;851;0;102,143;37;11;102,143;37;11;0,294
ObjB-852;0,023;7;852;0,73;30;852;852;0;457,857;36,286;10,714;457,857;36,286;10,714;0,379
ObjB-853;0,178;55;853;2,28;102;853;853;0;364,509;37,873;10,2;364,509;37,873;10,2;0,759
ObjB-854;0,048;15;854;0,92;40;854;854;0;454,867;37,8;10,533;454,867;37,8;10,533;0,42
ObjB-855;0,029;9;855;0,836;36;855;855;0;11,667;48,222;10,667;11,667;48,222;10,667;0,379
ObjB-856;0,036;11;856;0,795;36;856;856;0;283,818;48,818;10,727;283,818;48,818;10,727;0,379
ObjB-857;0,01;3;857;0,314;14;857;857;0;298,333;50,667;11;298,333;50,667;11;0,147
ObjB-858;0,029;9;858;0,73;30;858;858;0;164,667;52,222;10,556;164,667;52,222;10,556;0,379
ObjB-859;0,081;25;859;1,65;70;859;859;0;420,04;52,76;10,28;420,04;52,76;10,28;0,707
ObjB-860;0,016;5;860;0,522;22;860;860;0;36,6;57,4;10,8;36,6;57,4;10,8;0,379
ObjB-861;0,039;12;861;0,941;42;861;861;0;205,75;57,667;10,667;205,75;57,667;10,667;0,445
ObjB-862;0,045;14;862;1,001;40;862;862;0;124,286;57,5;10,071;124,286;57,5;10,071;0,643
ObjB-863;0,097;30;863;1,628;68;863;863;0;272,3;61,267;10,133;272,3;61,267;10,133;0,707
ObjB-864;0,023;7;864;0,565;26;864;864;0;458,429;64,143;10,857;458,429;64,143;10,857;0,379
ObjB-865;0,029;9;865;0,752;32;865;865;0;254,222;66;10,667;254,222;66;10,667;0,379
ObjB-866;0,1;31;866;1,65;70;866;866;0;183,194;69,484;10,258;183,194;69,484;10,258;0,707
ObjB-867;0,045;14;867;0,943;46;867;867;0;301,214;72;10,857;301,214;72;10,857;0,445
ObjB-868;0,061;19;868;1,087;48;868;868;0;325,579;74,053;10,526;325,579;74,053;10,526;0,48
ObjB-869;0,068;21;869;1,274;54;869;869;0;265,81;76,19;10,381;265,81;76,19;10,381;0,643
ObjB-870;0,071;22;870;1,315;54;870;870;0;223,409;80,591;10,136;223,409;80,591;10,136;0,684
ObjB-871;0,032;10;871;0,795;36;871;871;0;204,9;83,3;10,8;204,9;83,3;10,8;0,42
ObjB-872;0,052;16;872;1,046;48;872;872;0;297,25;84,375;10,688;297,25;84,375;10,688;0,445
ObjB-873;0,01;3;873;0,438;18;873;873;0;12,333;85,667;10,667;12,333;85,667;10,667;0,317
ObjB-874;0,026;8;874;0,668;28;874;874;0;221;87,375;10,625;221;87,375;10,625;0,379
ObjB-875;0,078;24;875;1,751;68;875;875;0;278,5;90;9,667;278,5;90;9,667;0,929
ObjB-876;0,019;6;876;0,522;22;876;876;0;443,5;90,667;10,667;443,5;90,667;10,667;0,334
ObjB-877;0,087;27;877;1,425;68;877;877;0;171,63;96,815;10,63;171,63;96,815;10,63;0,523
ObjB-878;0,048;15;878;0,941;42;878;878;0;304,067;104,933;10,467;304,067;104,933;10,467;0,42
ObjB-879;0,023;7;879;0,524;26;879;879;0;209,714;107,857;11;209,714;107,857;11;0,294
ObjB-880;0,016;5;880;0,584;24;880;880;0;234,4;108,6;10,6;234,4;108,6;10,6;0,334
ObjB-881;0,074;23;881;1,545;64;881;881;0;42,478;109,261;10;42,478;109,261;10;0,737
ObjB-882;0,087;27;882;1,487;70;882;882;0;431,407;110,481;10,407;431,407;110,481;10,407;0,608
ObjB-883;0,094;29;883;1,631;72;883;883;0;256,31;112,069;10,414;256,31;112,069;10,414;0,707
ObjB-884;0,113;35;884;1,842;84;884;884;0;310,8;112,457;10,429;310,8;112,457;10,429;0,759
ObjB-885;0,048;15;885;1,085;44;885;885;0;70,733;119,267;10;70,733;119,267;10;0,643
ObjB-886;0,039;12;886;0,795;36;886;886;0;453,25;119,25;10,667;453,25;119,25;10,667;0,379
ObjB-887;0,078;24;887;1,422;64;887;887;0;275,708;120,958;10,542;275,708;120,958;10,542;0,599
ObjB-888;0,029;9;888;0,69;30;888;888;0;29,444;124,111;10,667;29,444;124,111;10,667;0,379
ObjB-889;0,052;16;889;1,025;46;889;889;0;123,938;123,438;10,625;123,938;123,438;10,625;0,445
ObjB-890;0,036;11;890;0,857;38;890;890;0;282,909;124,909;10,364;282,909;124,909;10,364;0,379
ObjB-891;0,013;4;891;0,501;20;891;891;0;67,75;131,5;10,5;67,75;131,5;10,5;0,334
ObjB-892;0,032;10;892;0,855;34;892;892;0;65,7;131,7;10,3;65,7;131,7;10,3;0,635
ObjB-893;0,036;11;893;0,752;32;893;893;0;190,909;132,455;10,455;190,909;132,455;10,455;0,379
ObjB-894;0,045;14;894;0,898;38;894;894;0;249,429;133,286;10,5;249,429;133,286;10,5;0,445
ObjB-895;0,023;7;895;0,668;28;895;895;0;21,571;135,143;10,571;21,571;135,143;10,571;0,365
ObjB-896;0,013;4;896;0,417;16;896;896;0;230,5;137;10,5;230,5;137;10,5;0,317
ObjB-897;0,052;16;897;1,274;54;897;897;0;229,75;140;10,438;229,75;140;10,438;0,48
ObjB-898;0,013;4;898;0,417;16;898;898;0;5,5;147;10,5;5,5;147;10,5;0,317
ObjB-899;0,032;10;899;0,836;36;899;899;0;69,9;147,9;10,6;69,9;147,9;10,6;0,42
ObjB-900;0,036;11;900;0,752;32;900;900;0;44,455;149,909;10,545;44,455;149,909;10,545;0,379
ObjB-901;0,013;4;901;0,335;16;901;901;0;127,5;153,5;11;127,5;153,5;11;0,147
ObjB-902;0,036;11;902;0,876;36;902;902;0;230,909;155,909;10,455;230,909;155,909;10,455;0,379
ObjB-903;0,026;8;903;0,608;30;903;903;0;429,75;158,75;11;429,75;158,75;11;0,328
ObjB-904;0,013;4;904;0,46;20;904;904;0;78,5;160,25;11;78,5;160,25;11;0,232
ObjB-905;0,042;13;905;0,982;42;905;905;0;434,308;161,923;10,538;434,308;161,923;10,538;0,445
ObjB-906;0,029;9;906;0,692;34;906;906;0;244,667;169,222;11;244,667;169,222;11;0,374
ObjB-907;0,09;28;907;1,487;70;907;907;0;394;170,357;10,393;394;170,357;10,393;0,599
ObjB-908;0,042;13;908;0,941;42;908;908;0;218,308;171,077;10,692;218,308;171,077;10,692;0,379
ObjB-909;0,048;15;909;0,946;50;909;909;0;316,8;175,2;11;316,8;175,2;11;0,428
ObjB-910;0,019;6;910;0,441;22;910;910;0;459,5;179;11;459,5;179;11;0,232
ObjB-911;0,023;7;911;0,606;26;911;911;0;171,571;185,143;10,429;171,571;185,143;10,429;0,379
ObjB-912;0,032;10;912;0,752;32;912;912;0;17;186,5;10,6;17;186,5;10,6;0,379
ObjB-913;0,081;25;913;1,482;62;913;913;0;199,28;188,32;10,24;199,28;188,32;10,24;0,707
ObjB-914;0,498;154;914;4,842;234;914;914;0;35,234;189,097;10,026;35,234;189,097;10,026;1,273
ObjB-915;0,019;6;915;0,563;22;915;915;0;218,333;189,333;10,5;218,333;189,333;10,5;0,334
ObjB-916;0,01;3;916;0,354;14;916;916;0;482,667;189;10,667;482,667;189;10,667;0,317
ObjB-917;0,026;8;917;0,73;30;917;917;0;58;189,75;10,625;58;189,75;10,625;0,379
ObjB-918;0,142;44;918;1,945;86;918;918;0;177,091;190,727;10,091;177,091;190,727;10,091;0,759
ObjB-919;0,013;4;919;0,501;20;919;919;0;209,5;191,25;10,5;209,5;191,25;10,5;0,334
ObjB-920;0,139;43;920;2,589;108;920;920;0;58,977;194,744;10,093;58,977;194,744;10,093;1,085
ObjB-921;0,023;7;921;0,69;30;921;921;0;234,143;193,143;10;234,143;193,143;10;0,609
ObjB-922;0,029;9;922;0,69;30;922;922;0;208,111;193,444;10,667;208,111;193,444;10,667;0,379
ObjB-923;0,045;14;923;0,92;40;923;923;0;247,857;193,786;10,5;247,857;193,786;10,5;0,42
ObjB-924;0,01;3;924;0,438;18;924;924;0;230,333;195;10,667;230,333;195;10,667;0,365
ObjB-925;0,058;18;925;1,193;54;925;925;0;480,389;196,333;10,556;480,389;196,333;10,556;0,48
ObjB-926;0,013;4;926;0,438;18;926;926;0;406,25;199,75;10,75;406,25;199,75;10,75;0,317
ObjB-927;0,023;7;927;0,584;24;927;927;0;16,429;201,429;10,571;16,429;201,429;10,571;0,334
ObjB-928;0,058;18;928;1,334;52;928;928;0;80,333;201,889;9,778;80,333;201,889;9,778;0,929
ObjB-929;0,078;24;929;1,298;60;929;929;0;48,042;202,708;10,542;48,042;202,708;10,542;0,553
ObjB-930;0,01;3;930;0,314;14;930;930;0;219,667;202,667;11;219,667;202,667;11;0,147
ObjB-931;0,026;8;931;0,546;28;931;931;0;216,875;203,125;11;216,875;203,125;11;0,294
ObjB-932;0,029;9;932;0,793;32;932;932;0;61;205,333;10,556;61;205,333;10,556;0,379
ObjB-933;0,013;4;933;0,398;18;933;933;0;203,75;206;11;203,75;206;11;0,208
ObjB-934;0,107;33;934;1,798;80;934;934;0;17,03;211,424;10,303;17,03;211,424;10,303;0,744
ObjB-935;0,013;4;935;0,46;20;935;935;0;3,5;211,5;10,75;3,5;211,5;10,75;0,334
ObjB-936;0,129;40;936;2,009;92;936;936;0;213,525;213,6;10,425;213,525;213,6;10,425;0,744
ObjB-937;0,052;16;937;1,025;46;937;937;0;30,375;214,812;10,5;30,375;214,812;10,5;0,445
ObjB-938;0,023;7;938;0,668;28;938;938;0;117;214,857;10,714;117;214,857;10,714;0,365
ObjB-939;0,019;6;939;0,503;24;939;939;0;193,167;219,333;11;193,167;219,333;11;0,232
ObjB-940;0,09;28;940;1,403;66;940;940;0;290,571;234,321;10,5;290,571;234,321;10,5;0,533
ObjB-941;0,045;14;941;0,92;40;941;941;0;38;235,143;10,571;38;235,143;10,571;0,42
ObjB-942;0,052;16;942;1,003;44;942;942;0;306,812;241,75;10,438;306,812;241,75;10,438;0,445
ObjB-943;0,013;4;943;0,335;16;943;943;0;372,5;244,5;11;372,5;244,5;11;0,147
ObjB-944;0,039;12;944;0,876;36;944;944;0;114,417;247,75;10,333;114,417;247,75;10,333;0,643
ObjB-945;0,074;23;945;1,358;58;945;945;0;283,957;252,348;10,348;283,957;252,348;10,348;0,668
ObjB-946;0,061;19;946;1,171;52;946;946;0;191,105;252,474;10,579;191,105;252,474;10,579;0,48
ObjB-947;0,045;14;947;1,023;42;947;947;0;163;254,857;10,071;163;254,857;10,071;0,668
ObjB-948;0,023;7;948;0,587;28;948;948;0;328,286;252,429;11;328,286;252,429;11;0,328
ObjB-949;0,045;14;949;0,982;42;949;949;0;346,643;260,929;10,5;346,643;260,929;10,5;0,432
ObjB-950;0,061;19;950;1,149;50;950;950;0;273,211;260,316;10,474;273,211;260,316;10,474;0,445
ObjB-951;0,032;10;951;0,836;36;951;951;0;147,5;262,1;10,7;147,5;262,1;10,7;0,445
ObjB-952;0,013;4;952;0,563;22;952;952;0;425,25;266,25;10,75;425,25;266,25;10,75;0,365
ObjB-953;0,055;17;953;1,13;52;953;953;0;8,235;266,824;10,412;8,235;266,824;10,412;0,445
ObjB-954;0,036;11;954;0,673;36;954;954;0;324,636;266,091;11;324,636;266,091;11;0,374
ObjB-955;0,048;15;955;1,025;46;955;955;0;427,8;267,533;10,533;427,8;267,533;10,533;0,445
ObjB-956;0,036;11;956;0,814;34;956;956;0;124,727;269,091;10,545;124,727;269,091;10,545;0,42
ObjB-957;0,061;19;957;1,094;60;957;957;0;351,842;268,895;11;351,842;268,895;11;0,529
ObjB-958;0,026;8;958;0,69;30;958;958;0;191,875;274,125;10,75;191,875;274,125;10,75;0,379
ObjB-959;0,019;6;959;0,544;24;959;959;0;136,167;274,333;10,667;136,167;274,333;10,667;0,379
ObjB-960;0,029;9;960;0,69;30;960;960;0;207,556;280,889;10,333;207,556;280,889;10,333;0,379
ObjB-961;0,042;13;961;0,836;36;961;961;0;52,538;281,154;10,538;52,538;281,154;10,538;0,445
ObjB-962;0,01;3;962;0,354;14;962;962;0;257;283,333;10,667;257;283,333;10,667;0,317
ObjB-963;0,045;14;963;1,147;46;963;963;0;241,286;285,857;10,143;241,286;285,857;10,143;0,643
ObjB-964;0,045;14;964;0,898;38;964;964;0;413,714;286;10,5;413,714;286;10,5;0,379
ObjB-965;0,013;4;965;0,335;16;965;965;0;78,5;289,5;11;78,5;289,5;11;0,147
ObjB-966;0,055;17;966;1,13;52;966;966;0;179,118;291,941;10,471;179,118;291,941;10,471;0,553
ObjB-967;0,052;16;967;1,128;48;967;967;0;224,25;292,812;10,5;224,25;292,812;10,5;0,635
ObjB-968;0,032;10;968;0,773;34;968;968;0;227,3;299,4;10,6;227,3;299,4;10,6;0,445
ObjB-969;0,753;233;969;6,645;356;969;969;0;477,562;302,442;10,275;477,562;302,442;10,275;1,965
ObjB-970;0,032;10;970;0,733;34;970;970;0;331,1;302,8;10,8;331,1;302,8;10,8;0,379
ObjB-971;0,061;19;971;1,296;56;971;971;0;260,368;304,474;10,474;260,368;304,474;10,474;0,643
ObjB-972;0,013;4;972;0,46;20;972;972;0;440,5;305;10,5;440,5;305;10,5;0,379
ObjB-973;0,039;12;973;0,982;42;973;973;0;475,75;310,083;10,5;475,75;310,083;10,5;0,432
ObjB-974;0,078;24;974;1,609;70;974;974;0;29,417;311,292;10,333;29,417;311,292;10,333;0,744
ObjB-975;0,01;3;975;0,354;14;975;975;0;484,667;319;10,667;484,667;319;10,667;0,317
ObjB-976;0,052;16;976;0,92;40;976;976;0;425,125;321,125;10,5;425,125;321,125;10,5;0,42
ObjB-977;0,01;3;977;0,354;14;977;977;0;40,333;330;10,667;40,333;330;10,667;0,317
ObjB-978;0,113;35;978;1,736;78;978;978;0;3,686;330,371;10,343;3,686;330,371;10,343;0,759
ObjB-979;0,074;23;979;1,442;62;979;979;0;71,304;333,304;10,261;71,304;333,304;10,261;0,707
ObjB-980;0,065;20;980;1,233;54;980;980;0;43,7;336;10,45;43,7;336;10,45;0,668
ObjB-981;0,071;22;981;1,379;60;981;981;0;106,182;338,318;10,545;106,182;338,318;10,545;0,553
ObjB-982;0,029;9;982;0,63;32;982;982;0;180,333;340,889;11;180,333;340,889;11;0,328
ObjB-983;0,016;5;983;0,419;20;983;983;0;426,8;340,4;11;426,8;340,4;11;0,232
ObjB-984;0,013;4;984;0,398;18;984;984;0;430;340,5;11;430;340,5;11;0,232
ObjB-985;0,052;16;985;0,984;46;985;985;0;132,312;341,75;10,688;132,312;341,75;10,688;0,445
ObjB-986;0,042;13;986;0,857;38;986;986;0;12,231;347,462;10,615;12,231;347,462;10,615;0,445
ObjB-987;0,029;9;987;0,711;32;987;987;0;192,889;346,556;10,778;192,889;346,556;10,778;0,379
ObjB-988;0,048;15;988;1,025;46;988;988;0;442,667;348,067;10,667;442,667;348,067;10,667;0,445
ObjB-989;0,029;9;989;0,63;32;989;989;0;159,667;353,333;11;159,667;353,333;11;0,374
ObjB-990;0,065;20;990;1,171;52;990;990;0;309,7;354,45;10,5;309,7;354,45;10,5;0,445
ObjB-991;0,081;25;991;1,693;74;991;991;0;172,56;355,56;10,44;172,56;355,56;10,44;0,707
ObjB-992;0,032;10;992;0,817;38;992;992;0;154,3;359,2;10,8;154,3;359,2;10,8;0,445
ObjB-993;0,029;9;993;0,567;30;993;993;0;213;360;11;213;360;11;0,294
ObjB-994;0,052;16;994;1,231;50;994;994;0;296,438;360,875;10,125;296,438;360,875;10,125;0,643
ObjB-995;0,045;14;995;1,106;46;995;995;0;34,071;362,5;10,286;34,071;362,5;10,286;0,684
ObjB-996;0,016;5;996;0,584;24;996;996;0;247;363,6;10,8;247;363,6;10,8;0,379
ObjB-997;0,023;7;997;0,584;24;997;997;0;164,429;366,429;10,429;164,429;366,429;10,429;0,334
ObjB-998;0,036;11;998;0,735;38;998;998;0;322,818;367,273;11;322,818;367,273;11;0,374
ObjB-999;0,058;18;999;1,315;54;999;999;0;334;365,5;10,278;334;365,5;10,278;0,643
ObjB-1000;0,023;7;1000;0,752;32;1000;1000;0;231,857;370;10,857;231,857;370;10,857;0,379
ObjB-1001;0,029;9;1001;0,814;34;1001;1001;0;419,222;369,889;10,556;419,222;369,889;10,556;0,42
ObjB-1002;0,026;8;1002;0,584;24;1002;1002;0;224,5;370,5;10,5;224,5;370,5;10,5;0,334
ObjB-1003;0,061;19;1003;1,087;48;1003;1003;0;333;372,579;10,526;333;372,579;10,526;0,48
ObjB-1004;0,071;22;1004;1,173;56;1004;1004;0;466,5;371,636;10,636;466,5;371,636;10,636;0,48
ObjB-1005;0,116;36;1005;1,657;82;1005;1005;0;63,556;374,111;10,611;63,556;374,111;10,611;0,659
ObjB-1006;0,013;4;1006;0,438;18;1006;1006;0;251,5;374,25;10,75;251,5;374,25;10,75;0,334
ObjB-1007;0,045;14;1007;0,941;42;1007;1007;0;364;375;10,571;364;375;10,571;0,42
ObjB-1008;0,01;3;1008;0,314;14;1008;1008;0;290,333;376,333;11;290,333;376,333;11;0,147
ObjB-1009;0,019;6;1009;0,668;28;1009;1009;0;474,5;381;10,833;474,5;381;10,833;0,42
ObjB-1010;0,036;11;1010;0,735;38;1010;1010;0;26,636;385,545;11;26,636;385,545;11;0,328
ObjB-1011;0,048;15;1011;1,13;52;1011;1011;0;378,333;385,2;10,8;378,333;385,2;10,8;0,533
ObjB-1012;0,032;10;1012;0,733;34;1012;1012;0;163,8;387,9;10,8;163,8;387,9;10,8;0,42
ObjB-1013;0,026;8;1013;0,752;32;1013;1013;0;66,75;390,375;10,75;66,75;390,375;10,75;0,379
ObjB-1014;0,039;12;1014;0,836;36;1014;1014;0;64,417;392;10,417;64,417;392;10,417;0,42
ObjB-1015;0,074;23;1015;1,442;62;1015;1015;0;475,478;392,913;10,348;475,478;392,913;10,348;0,668
ObjB-1016;0,048;15;1016;1,087;48;1016;1016;0;380,4;396;10,4;380,4;396;10,4;0,553
ObjB-1017;0,013;4;1017;0,417;16;1017;1017;0;372,5;398;10,5;372,5;398;10,5;0,317
ObjB-1018;0,023;7;1018;0,606;26;1018;1018;0;435,714;398;10,286;435,714;398;10,286;0,379
ObjB-1019;0,023;7;1019;0,606;26;1019;1019;0;214,429;399,429;10,714;214,429;399,429;10,714;0,379
ObjB-1020;0,071;22;1020;1,276;58;1020;1020;0;483,273;400,364;10,545;483,273;400,364;10,545;0,523
ObjB-1021;0,016;5;1021;0,419;20;1021;1021;0;463,2;403,4;11;463,2;403,4;11;0,232
ObjB-1022;0,107;33;1022;1,609;70;1022;1022;0;475,394;408,273;10,212;475,394;408,273;10,212;0,707
ObjB-1023;0,023;7;1023;0,668;28;1023;1023;0;127,857;408,429;10,571;127,857;408,429;10,571;0,365
ObjB-1024;0,019;6;1024;0,584;24;1024;1024;0;142,333;410,5;10,5;142,333;410,5;10,5;0,334
ObjB-1025;0,01;3;1025;0,438;18;1025;1025;0;276,667;415;11;276,667;415;11;0,208
ObjB-1026;0,019;6;1026;0,544;24;1026;1026;0;22,5;418,333;10,833;22,5;418,333;10,833;0,379
ObjB-1027;0,039;12;1027;0,836;36;1027;1027;0;300,083;417,833;10,417;300,083;417,833;10,417;0,42
ObjB-1028;0,039;12;1028;0,92;40;1028;1028;0;438,167;422,083;10,667;438,167;422,083;10,667;0,432
ObjB-1029;0,019;6;1029;0,606;26;1029;1029;0;335;425,167;10,833;335;425,167;10,833;0,334
ObjB-1030;0,042;13;1030;0,898;38;1030;1030;0;3,077;425,923;10,462;3,077;425,923;10,462;0,42
ObjB-1031;0,029;9;1031;0,63;32;1031;1031;0;399,111;427,889;11;399,111;427,889;11;0,328
ObjB-1032;0,026;8;1032;0,668;28;1032;1032;0;308,375;430;10,625;308,375;430;10,625;0,379
ObjB-1033;0,061;19;1033;1,19;50;1033;1033;0;327,895;432;10,368;327,895;432;10,368;0,668
ObjB-1034;0,052;16;1034;1,106;46;1034;1034;0;440,938;432,125;10,375;440,938;432,125;10,375;0,643
ObjB-1035;0,039;12;1035;0,941;42;1035;1035;0;390,5;436,917;10,75;390,5;436,917;10,75;0,42
ObjB-1036;0,013;4;1036;0,438;18;1036;1036;0;246,25;440,25;10,5;246,25;440,25;10,5;0,334
ObjB-1037;0,032;10;1037;0,73;30;1037;1037;0;43,6;442,8;10,5;43,6;442,8;10,5;0,379
ObjB-1038;0,01;3;1038;0,354;14;1038;1038;0;478,333;444;10,667;478,333;444;10,667;0,317
ObjB-1039;0,081;25;1039;1,276;58;1039;1039;0;292,56;447,56;10,52;292,56;447,56;10,52;0,48
ObjB-1040;0,023;7;1040;0,69;30;1040;1040;0;233;449,571;10,857;233;449,571;10,857;0,379
ObjB-1041;0,149;46;1041;2,318;98;1041;1041;0;482,283;455,739;9,826;482,283;455,739;9,826;1,013
ObjB-1042;0,116;36;1042;1,925;88;1042;1042;0;238,889;458,861;10,306;238,889;458,861;10,306;0,793
ObjB-1043;0,036;11;1043;0,773;34;1043;1043;0;173,364;462,182;10,545;173,364;462,182;10,545;0,379
ObjB-1044;0,042;13;1044;0,92;40;1044;1044;0;90,231;464,462;10,538;90,231;464,462;10,538;0,445
ObjB-1045;0,013;4;1045;0,398;18;1045;1045;0;217,25;464,75;11;217,25;464,75;11;0,232
ObjB-1046;0,045;14;1046;0,987;50;1046;1046;0;105,571;465;11;105,571;465;11;0,464
ObjB-1047;0,084;26;1047;1,276;58;1047;1047;0;47,615;468,385;10,5;47,615;468,385;10,5;0,48
ObjB-1048;0,032;10;1048;0,651;34;1048;1048;0;217,5;469;11;217,5;469;11;0,428
ObjB-1049;0,016;5;1049;0,419;20;1049;1049;0;220,4;468,2;11;220,4;468,2;11;0,232
ObjB-1050;0,01;3;1050;0,354;14;1050;1050;0;82;468,333;10,667;82;468,333;10,667;0,317
ObjB-1051;0,042;13;1051;0,941;42;1051;1051;0;8,385;470,462;10,692;8,385;470,462;10,692;0,445
ObjB-1052;0,048;15;1052;1,109;50;1052;1052;0;231,6;471,533;10,467;231,6;471,533;10,467;0,445
ObjB-1053;0,023;7;1053;0,668;28;1053;1053;0;423,857;472,571;10,571;423,857;472,571;10,571;0,379
ObjB-1054;0,055;17;1054;1,252;52;1054;1054;0;423,588;476,118;10,235;423,588;476,118;10,235;0,643
ObjB-1055;0,013;4;1055;0,335;16;1055;1055;0;238,5;477,5;11;238,5;477,5;11;0,147
ObjB-1056;0,016;5;1056;0,46;20;1056;1056;0;372,4;478,4;10,8;372,4;478,4;10,8;0,334
ObjB-1057;0,013;4;1057;0,501;20;1057;1057;0;95,25;480;10,25;95,25;480;10,25;0,334
ObjB-1058;0,036;11;1058;1,023;42;1058;1058;0;194,545;483,364;10,364;194,545;483,364;10,364;0,668
ObjB-1059;0,01;3;1059;0,417;16;1059;1059;0;106,667;484,333;10,667;106,667;484,333;10,667;0,334
ObjB-1060;0,042;13;1060;0,84;44;1060;1060;0;215,692;483,692;11;215,692;483,692;11;0,464
ObjB-1061;0,026;8;1061;0,649;30;1061;1061;0;479;485;10,875;479;485;10,875;0,334
ObjB-1062;0,042;13;1062;0,917;36;1062;1062;0;106,538;486,615;10;106,538;486,615;10;0,618
ObjB-1063;0,068;21;1063;1,401;62;1063;1063;0;99,476;487,143;10,524;99,476;487,143;10,524;0,523
ObjB-1064;0,01;3;1064;0,314;14;1064;1064;0;264,333;488,333;11;264,333;488,333;11;0,147
ObjB-1065;0,048;15;1065;1,147;46;1065;1065;0;387,133;489;10,267;387,133;489;10,267;0,643
ObjB-1066;0,142;44;1066;1,844;88;1066;1066;0;257,636;490,409;10,5;257,636;490,409;10,5;0,659
ObjB-1067;0,01;3;1067;0,354;14;1067;1067;0;433,667;492;10,667;433,667;492;10,667;0,317
ObjB-1068;0,01;3;1068;0,354;14;1068;1068;0;485;491,667;10,667;485;491,667;10,667;0,317
;0,056970974;17,62734082;534,5;1,166360487;49,29026217;534,5;534,5;0;248,6648511;248,6343549;8,415761236;248,6648511;248,6343549;8,415761236;0,629272472
