Label,Volume (unit),Volume (pixel),Mean,SurfaceArea,surfaceAreaPxl,Min,Max,Std Deviation,X,Y,Z,Xmass,Ymass,Zmass,Feret
ObjA-1,17.436,5396,1,131.377,5720,1,1,0,107.287,100.447,6.054,107.287,100.447,6.054,11.898
ObjA-2,0.003,1,2,0.146,6,2,2,NaN,392.000,198.000,7.000,392.000,198.000,7.000,0.000
ObjA-3,0.278,86,3,4.310,196,3,3,0,2.291,207.651,11.012,2.291,207.651,11.012,1.695
ObjA-4,0.006,2,4,0.230,10,4,4,0,20.000,219.500,7.000,20.000,219.500,7.000,0.104
ObjA-5,156.404,48403,5,567.705,27588,5,5,0,232.806,205.730,7.531,232.806,205.730,7.531,27.850
ObjA-6,0.039,12,6,1.188,46,6,6,0,84.750,238.750,9.000,84.750,238.750,9.000,1.518
ObjA-7,0.019,6,7,0.709,28,7,7,0,324.500,280.333,8.167,324.500,280.333,8.167,0.609
ObjA-8,0.010,3,8,0.438,18,8,8,0,328.000,282.000,7.333,328.000,282.000,7.333,0.317
ObjA-9,0.317,98,9,5.321,218,9,9,0,403.541,287.908,10.194,403.541,287.908,10.194,1.767
ObjA-10,0.003,1,10,0.146,6,10,10,NaN,313.000,297.000,7.000,313.000,297.000,7.000,0.000
ObjA-11,0.003,1,11,0.146,6,11,11,NaN,292.000,304.000,7.000,292.000,304.000,7.000,0.000
ObjA-12,45.044,13940,12,242.345,10948,12,12,0,112.353,293.099,7.783,112.353,293.099,7.783,20.937
ObjA-13,0.336,104,13,4.256,172,13,13,0,323.798,311.740,9.856,323.798,311.740,9.856,1.563
ObjA-14,0.029,9,14,0.793,32,14,14,0,160.444,312.778,8.000,160.444,312.778,8.000,0.618
ObjA-15,0.401,124,15,5.156,214,15,15,0,242.306,313.879,10.097,242.306,313.879,10.097,1.764
ObjA-16,37.538,11617,16,217.835,10272,16,16,0,391.602,346.390,8.967,391.602,346.390,8.967,15.943
ObjA-17,0.026,8,17,0.855,34,17,17,0,293.500,313.250,7.625,293.500,313.250,7.625,0.618
ObjA-18,0.003,1,18,0.146,6,18,18,NaN,148.000,313.000,7.000,148.000,313.000,7.000,0.000
ObjA-19,0.019,6,19,0.647,26,19,19,0,476.333,314.000,7.333,476.333,314.000,7.333,0.432
ObjA-20,0.006,2,20,0.230,10,20,20,0,245.000,179.500,1.000,245.000,179.500,1.000,0.104
ObjA-21,0.003,1,21,0.146,6,21,21,NaN,482.000,317.000,7.000,482.000,317.000,7.000,0.000
ObjA-22,0.003,1,22,0.146,6,22,22,NaN,243.000,180.000,1.000,243.000,180.000,1.000,0.000
ObjA-23,0.006,2,23,0.292,12,23,23,0,307.500,326.000,7.500,307.500,326.000,7.500,0.317
ObjA-24,21.992,6806,24,116.297,5390,24,24,0,398.606,213.310,8.038,398.606,213.310,8.038,9.858
ObjA-25,0.304,94,25,4.050,168,25,25,0,464.500,327.840,10.096,464.500,327.840,10.096,1.591
ObjA-26,0.116,36,26,3.609,146,26,26,0,432.278,331.417,10.750,432.278,331.417,10.750,1.746
ObjA-27,79.554,24620,27,425.623,19838,27,27,0,163.249,402.424,8.607,163.249,402.424,8.607,30.693
ObjA-28,10.191,3154,28,59.827,2692,28,28,0,468.150,62.438,8.360,468.150,62.438,8.360,5.320
ObjA-29,5.871,1817,29,57.102,2526,29,29,0,70.657,162.722,6.859,70.657,162.722,6.859,5.333
ObjA-30,0.010,3,30,0.417,16,30,30,0,370.667,361.333,7.667,370.667,361.333,7.667,0.334
ObjA-31,0.013,4,31,0.479,18,31,31,0,371.000,365.500,8.000,371.000,365.500,8.000,0.609
ObjA-32,0.019,6,32,0.522,22,32,32,0,409.333,366.500,7.667,409.333,366.500,7.667,0.334
ObjA-33,0.078,24,33,1.463,64,33,33,0,373.458,371.250,8.542,373.458,371.250,8.542,0.947
ObjA-34,0.029,9,34,0.814,34,34,34,0,417.000,370.556,7.556,417.000,370.556,7.556,0.379
ObjA-35,5.199,1609,35,27.714,1242,35,35,0,15.987,336.359,8.278,15.987,336.359,8.278,3.558
ObjA-36,0.003,1,36,0.146,6,36,36,NaN,115.000,371.000,7.000,115.000,371.000,7.000,0.000
ObjA-37,0.013,4,37,0.438,18,37,37,0,423.000,392.000,7.750,423.000,392.000,7.750,0.317
ObjA-38,0.032,10,38,0.855,34,38,38,0,463.600,413.100,8.100,463.600,413.100,8.100,0.643
ObjA-39,2.330,721,39,17.807,776,39,39,0,226.309,2.734,8.300,226.309,2.734,8.300,3.484
ObjA-40,2.394,741,40,19.230,840,40,40,0,374.277,17.140,7.784,374.277,17.140,7.784,3.002
ObjA-41,0.061,19,41,1.815,74,41,41,0,349.211,421.579,8.474,349.211,421.579,8.474,0.919
ObjA-42,5.361,1659,42,29.151,1296,42,42,0,251.892,33.499,8.057,251.892,33.499,8.057,3.445
ObjA-43,0.313,97,43,5.992,250,43,43,0,262.711,427.959,10.464,262.711,427.959,10.464,1.896
ObjA-44,0.003,1,44,0.146,6,44,44,NaN,213.000,434.000,7.000,213.000,434.000,7.000,0.000
ObjA-45,0.475,147,45,6.298,286,45,45,0,179.510,39.190,4.864,179.510,39.190,4.864,1.712
ObjA-46,0.029,9,46,0.833,32,46,46,0,259.556,443.444,8.111,259.556,443.444,8.111,0.618
ObjA-47,2.052,635,47,18.547,822,47,47,0,57.145,36.279,7.866,57.145,36.279,7.866,3.710
ObjA-48,0.246,76,48,5.254,208,48,48,0,123.395,452.605,9.276,123.395,452.605,9.276,1.911
ObjA-49,0.213,66,49,5.307,228,49,49,0,459.318,465.121,10.697,459.318,465.121,10.697,1.794
ObjA-50,1.839,569,50,19.273,844,50,50,0,23.877,103.747,7.998,23.877,103.747,7.998,4.145
ObjA-51,0.003,1,51,0.146,6,51,51,NaN,439.000,478.000,7.000,439.000,478.000,7.000,0.000
ObjA-52,16.237,5025,52,132.420,5866,52,52,0,415.328,104.370,8.198,415.328,104.370,8.198,11.997
ObjA-53,0.184,57,53,2.886,128,53,53,0,120.789,140.456,4.491,120.789,140.456,4.491,1.002
ObjA-54,0.003,1,54,0.146,6,54,54,NaN,459.000,486.000,7.000,459.000,486.000,7.000,0.000
ObjA-55,1.344,416,55,15.690,708,55,55,0,40.827,146.587,5.171,40.827,146.587,5.171,3.090
ObjA-56,1.661,514,56,18.151,842,56,56,0,79.263,17.276,10.780,79.263,17.276,10.780,4.080
ObjA-57,0.097,30,57,2.361,102,57,57,0,433.667,15.100,10.533,433.667,15.100,10.533,1.387
ObjA-58,0.003,1,58,0.146,6,58,58,NaN,112.000,33.000,8.000,112.000,33.000,8.000,0.000
ObjA-59,3.477,1076,59,23.049,1032,59,59,0,414.939,160.323,7.953,414.939,160.323,7.953,3.753
ObjA-60,0.010,3,60,0.438,18,60,60,0,231.667,36.667,8.333,231.667,36.667,8.333,0.317
ObjA-61,0.010,3,61,0.354,14,61,61,0,167.000,38.667,8.667,167.000,38.667,8.667,0.317
ObjA-62,0.006,2,62,0.230,10,62,62,0,137.500,41.000,8.000,137.500,41.000,8.000,0.104
ObjA-63,0.023,7,63,0.584,24,63,63,0,348.429,41.571,8.429,348.429,41.571,8.429,0.334
ObjA-64,0.016,5,64,0.522,22,64,64,0,339.400,52.600,8.600,339.400,52.600,8.600,0.334
ObjA-65,0.006,2,65,0.292,12,65,65,0,248.500,62.500,8.000,248.500,62.500,8.000,0.147
ObjA-66,0.003,1,66,0.146,6,66,66,NaN,325.000,62.000,8.000,325.000,62.000,8.000,0.000
ObjA-67,0.061,19,67,1.418,56,67,67,0,348.895,77.474,9.526,348.895,77.474,9.526,0.929
ObjA-68,0.181,56,68,4.569,186,68,68,0,261.607,77.518,10.196,261.607,77.518,10.196,1.651
ObjA-69,0.003,1,69,0.146,6,69,69,NaN,350.000,96.000,8.000,350.000,96.000,8.000,0.000
ObjA-70,0.006,2,70,0.271,10,70,70,0,359.000,99.000,8.500,359.000,99.000,8.500,0.300
ObjA-71,0.006,2,71,0.292,12,71,71,0,467.500,108.500,8.500,467.500,108.500,8.500,0.334
ObjA-72,0.019,6,72,0.730,30,72,72,0,3.000,113.500,9.000,3.000,113.500,9.000,0.643
ObjA-73,0.003,1,73,0.146,6,73,73,NaN,6.000,114.000,8.000,6.000,114.000,8.000,0.000
ObjA-74,0.019,6,74,0.750,28,74,74,0,467.667,114.167,9.167,467.667,114.167,9.167,0.618
ObjA-75,0.003,1,75,0.146,6,75,75,NaN,13.000,143.000,8.000,13.000,143.000,8.000,0.000
ObjA-76,0.611,189,76,7.476,350,76,76,0,175.751,222.344,4.820,175.751,222.344,4.820,1.930
ObjA-77,0.074,23,77,1.921,80,77,77,0,216.435,154.043,9.174,216.435,154.043,9.174,0.948
ObjA-78,0.165,51,78,3.590,148,78,78,0,27.706,162.549,10.373,27.706,162.549,10.373,1.336
ObjA-79,0.003,1,79,0.146,6,79,79,NaN,25.000,175.000,8.000,25.000,175.000,8.000,0.000
ObjA-80,0.607,188,80,7.134,322,80,80,0,480.936,189.436,10.862,480.936,189.436,10.862,2.072
ObjA-81,4.330,1340,81,28.468,1278,81,81,0,30.968,232.613,8.278,30.968,232.613,8.278,4.345
ObjA-82,0.003,1,82,0.146,6,82,82,NaN,17.000,213.000,8.000,17.000,213.000,8.000,0.000
ObjA-83,2.436,754,83,20.920,910,83,83,0,40.202,276.635,8.231,40.202,276.635,8.231,4.055
ObjA-84,0.006,2,84,0.271,10,84,84,0,67.000,216.000,8.500,67.000,216.000,8.500,0.300
ObjA-85,0.171,53,85,2.926,128,85,85,0,48.849,333.981,4.623,48.849,333.981,4.623,0.997
ObjA-86,2.931,907,86,20.455,916,86,86,0,85.649,340.693,8.404,85.649,340.693,8.404,3.309
ObjA-87,0.003,1,87,0.146,6,87,87,NaN,308.000,247.000,8.000,308.000,247.000,8.000,0.000
ObjA-88,1.771,548,88,13.557,578,88,88,0,407.681,474.297,8.115,407.681,474.297,8.115,2.931
ObjA-89,0.029,9,89,0.898,38,89,89,0,412.333,284.889,8.556,412.333,284.889,8.556,0.420
ObjA-90,0.200,62,90,3.631,148,90,90,0,390.774,286.403,10.726,390.774,286.403,10.726,1.307
ObjA-91,1.028,318,91,11.950,512,91,91,0,49.698,3.701,9.588,49.698,3.701,9.588,2.706
ObjA-92,0.233,72,92,4.782,202,92,92,0,157.000,5.681,6.944,157.000,5.681,6.944,2.714
ObjA-93,0.165,51,93,3.427,148,93,93,0,123.745,10.118,5.000,123.745,10.118,5.000,1.076
ObjA-94,0.107,33,94,1.779,82,94,94,0,137.939,10.667,4.758,137.939,10.667,4.758,0.800
ObjA-95,0.016,5,95,0.584,24,95,95,0,69.000,20.600,5.000,69.000,20.600,5.000,0.635
ObjA-96,1.099,340,96,14.917,640,96,96,0,188.368,16.694,8.729,188.368,16.694,8.729,3.229
ObjA-97,0.045,14,97,1.171,52,97,97,0,376.643,25.500,4.714,376.643,25.500,4.714,0.533
ObjA-98,0.152,47,98,3.029,130,98,98,0,95.894,28.830,5.426,95.894,28.830,5.426,1.013
ObjA-99,0.006,2,99,0.230,10,99,99,0,169.500,319.000,8.000,169.500,319.000,8.000,0.104
ObjA-100,0.026,8,100,0.960,40,100,100,0,110.125,34.500,5.125,110.125,34.500,5.125,0.643
ObjA-101,0.003,1,101,0.146,6,101,101,NaN,308.000,322.000,8.000,308.000,322.000,8.000,0.000
ObjA-102,0.220,68,102,4.260,180,102,102,0,71.779,47.324,5.897,71.779,47.324,5.897,1.407
ObjA-103,0.446,138,103,5.290,234,103,103,0,3.138,324.681,10.783,3.138,324.681,10.783,1.549
ObjA-104,0.766,237,104,13.427,566,104,104,0,309.139,42.916,7.527,309.139,42.916,7.527,2.950
ObjA-105,0.006,2,105,0.292,12,105,105,0,371.000,46.500,4.500,371.000,46.500,4.500,0.317
ObjA-106,0.003,1,106,0.146,6,106,106,NaN,370.000,341.000,8.000,370.000,341.000,8.000,0.000
ObjA-107,1.057,327,107,9.917,414,107,107,0,436.624,47.370,8.563,436.624,47.370,8.563,2.594
ObjA-108,0.003,1,108,0.146,6,108,108,NaN,369.000,343.000,8.000,369.000,343.000,8.000,0.000
ObjA-109,0.058,18,109,1.525,66,109,109,0,364.222,49.833,5.111,364.222,49.833,5.111,0.852
ObjA-110,0.168,52,110,2.589,108,110,110,0,294.827,344.808,10.827,294.827,344.808,10.827,1.235
ObjA-111,0.181,56,111,3.008,128,111,111,0,205.232,57.500,6.589,205.232,57.500,6.589,1.387
ObjA-112,3.215,995,112,28.296,1228,112,112,0,11.121,64.466,8.513,11.121,64.466,8.513,4.183
ObjA-113,0.003,1,113,0.146,6,113,113,NaN,407.000,364.000,8.000,407.000,364.000,8.000,0.000
ObjA-114,0.013,4,114,0.398,18,114,114,0,62.250,68.000,4.000,62.250,68.000,4.000,0.208
ObjA-115,0.003,1,115,0.146,6,115,115,NaN,412.000,368.000,8.000,412.000,368.000,8.000,0.000
ObjA-116,0.252,78,116,6.181,260,116,116,0,324.846,68.615,6.397,324.846,68.615,6.397,1.570
ObjA-117,0.019,6,117,0.690,30,117,117,0,381.167,376.167,8.333,381.167,376.167,8.333,0.379
ObjA-118,0.081,25,118,1.482,62,118,118,0,188.440,379.160,8.880,188.440,379.160,8.880,0.684
ObjA-119,0.058,18,119,1.650,70,119,119,0,99.000,395.389,9.556,99.000,395.389,9.556,0.759
ObjA-120,0.003,1,120,0.146,6,120,120,NaN,107.000,404.000,8.000,107.000,404.000,8.000,0.000
ObjA-121,1.903,589,121,28.165,1178,121,121,0,147.146,68.480,7.491,147.146,68.480,7.491,4.143
ObjA-122,0.010,3,122,0.376,16,122,122,0,114.667,407.333,8.667,114.667,407.333,8.667,0.334
ObjA-123,0.763,236,123,13.952,592,123,123,0,250.250,407.445,10.924,250.250,407.445,10.924,3.452
ObjA-124,0.003,1,124,0.146,6,124,124,NaN,291.000,435.000,8.000,291.000,435.000,8.000,0.000
ObjA-125,0.042,13,125,1.188,46,125,125,0,178.077,441.615,8.846,178.077,441.615,8.846,0.707
ObjA-126,0.132,41,126,2.879,116,126,126,0,164.707,444.146,9.780,164.707,444.146,9.780,1.287
ObjA-127,0.032,10,127,1.149,50,127,127,0,255.900,94.200,4.900,255.900,94.200,4.900,0.631
ObjA-128,0.834,258,128,9.806,434,128,128,0,213.849,105.333,6.457,213.849,105.333,6.457,2.059
ObjA-129,0.061,19,129,1.482,62,129,129,0,82.684,103.947,6.158,82.684,103.947,6.158,0.958
ObjA-130,0.013,4,130,0.460,20,130,130,0,476.000,476.750,8.750,476.000,476.750,8.750,0.334
ObjA-131,1.070,331,131,17.087,728,131,131,0,264.239,103.269,9.776,264.239,103.269,9.776,4.026
ObjA-132,0.204,63,132,5.094,212,132,132,0,458.810,479.746,10.508,458.810,479.746,10.508,1.669
ObjA-133,0.003,1,133,0.146,6,133,133,NaN,67.000,111.000,4.000,67.000,111.000,4.000,0.000
ObjA-134,0.297,92,134,4.555,196,134,134,0,45.467,120.000,6.326,45.467,120.000,6.326,1.670
ObjA-135,0.003,1,135,0.146,6,135,135,NaN,412.000,487.000,8.000,412.000,487.000,8.000,0.000
ObjA-136,0.213,66,136,3.911,174,136,136,0,233.470,117.788,5.667,233.470,117.788,5.667,1.269
ObjA-137,0.010,3,137,0.354,14,137,137,0,175.000,118.667,4.667,175.000,118.667,4.667,0.317
ObjA-138,0.640,198,138,8.307,378,138,138,0,397.000,121.985,5.141,397.000,121.985,5.141,2.173
ObjA-139,0.084,26,139,1.878,76,139,139,0,484.038,118.538,5.808,484.038,118.538,5.808,1.218
ObjA-140,0.158,49,140,2.694,114,140,140,0,341.959,26.082,10.980,341.959,26.082,10.980,1.099
ObjA-141,0.065,20,141,1.315,54,141,141,0,181.100,51.750,10.050,181.100,51.750,10.050,0.643
ObjA-142,0.003,1,142,0.146,6,142,142,NaN,209.000,60.000,9.000,209.000,60.000,9.000,0.000
ObjA-143,0.042,13,143,1.336,56,143,143,0,79.231,62.846,10.769,79.231,62.846,10.769,0.929
ObjA-144,1.102,341,144,12.223,526,144,144,0,348.284,157.484,8.625,348.284,157.484,8.625,3.097
ObjA-145,0.039,12,145,1.063,42,145,145,0,372.167,68.917,10.250,372.167,68.917,10.250,0.906
ObjA-146,0.246,76,146,4.296,172,146,146,0,3.776,162.211,7.197,3.776,162.211,7.197,1.907
ObjA-147,0.323,100,147,4.928,208,147,147,0,136.620,168.080,6.180,136.620,168.080,6.180,1.600
ObjA-148,0.003,1,148,0.146,6,148,148,NaN,92.000,82.000,9.000,92.000,82.000,9.000,0.000
ObjA-149,0.006,2,149,0.292,12,149,149,0,315.500,86.500,9.000,315.500,86.500,9.000,0.147
ObjA-150,0.036,11,150,0.898,38,150,150,0,358.545,170.727,4.636,358.545,170.727,4.636,0.420
ObjA-151,0.061,19,151,1.669,68,151,151,0,50.737,172.263,5.158,50.737,172.263,5.158,0.737
ObjA-152,0.003,1,152,0.146,6,152,152,NaN,176.000,98.000,9.000,176.000,98.000,9.000,0.000
ObjA-153,0.194,60,153,4.516,200,153,153,0,254.833,100.200,11.417,254.833,100.200,11.417,1.171
ObjA-154,0.103,32,154,2.045,84,154,154,0,176.781,101.531,10.719,176.781,101.531,10.719,1.002
ObjA-155,0.456,141,155,5.704,246,155,155,0,27.291,180.603,6.496,27.291,180.603,6.496,2.025
ObjA-156,0.010,3,156,0.354,14,156,156,0,359.000,101.333,9.667,359.000,101.333,9.667,0.317
ObjA-157,0.514,159,157,9.486,408,157,157,0,26.459,190.566,9.352,26.459,190.566,9.352,3.022
ObjA-158,0.304,94,158,7.108,312,158,158,0,61.968,197.106,4.819,61.968,197.106,4.819,2.747
ObjA-159,0.006,2,159,0.292,12,159,159,0,461.500,109.500,9.500,461.500,109.500,9.500,0.334
ObjA-160,0.003,1,160,0.146,6,160,160,NaN,341.000,113.000,9.000,341.000,113.000,9.000,0.000
ObjA-161,0.898,278,161,10.446,448,161,161,0,293.817,193.831,7.644,293.817,193.831,7.644,2.817
ObjA-162,0.003,1,162,0.146,6,162,162,NaN,470.000,114.000,9.000,470.000,114.000,9.000,0.000
ObjA-163,2.740,848,163,19.917,900,163,163,0,101.980,192.540,8.395,101.980,192.540,8.395,3.391
ObjA-164,0.042,13,164,1.188,46,164,164,0,24.462,142.154,10.154,24.462,142.154,10.154,0.924
ObjA-165,0.003,1,165,0.146,6,165,165,NaN,33.000,146.000,9.000,33.000,146.000,9.000,0.000
ObjA-166,0.090,28,166,1.901,82,166,166,0,110.036,149.429,11.250,110.036,149.429,11.250,1.044
ObjA-167,0.003,1,167,0.146,6,167,167,NaN,447.000,150.000,9.000,447.000,150.000,9.000,0.000
ObjA-168,0.239,74,168,3.805,168,168,168,0,332.243,168.473,11.014,332.243,168.473,11.014,1.314
ObjA-169,0.029,9,169,0.876,36,169,169,0,21.222,169.889,10.222,21.222,169.889,10.222,0.618
ObjA-170,0.048,15,170,1.315,54,170,170,0,328.933,177.267,10.400,328.933,177.267,10.400,0.958
ObjA-171,0.026,8,171,0.812,30,171,171,0,18.375,181.625,10.125,18.375,181.625,10.125,0.618
ObjA-172,0.003,1,172,0.146,6,172,172,NaN,12.000,207.000,9.000,12.000,207.000,9.000,0.000
ObjA-173,0.003,1,173,0.146,6,173,173,NaN,13.000,213.000,4.000,13.000,213.000,4.000,0.000
ObjA-174,0.010,3,174,0.376,16,174,174,0,13.667,209.333,9.333,13.667,209.333,9.333,0.334
ObjA-175,0.019,6,175,0.606,26,175,175,0,54.000,218.000,9.500,54.000,218.000,9.500,0.420
ObjA-176,0.010,3,176,0.417,16,176,176,0,358.333,220.000,10.000,358.333,220.000,10.000,0.609
ObjA-177,0.003,1,177,0.146,6,177,177,NaN,98.000,230.000,9.000,98.000,230.000,9.000,0.000
ObjA-178,0.372,115,178,6.708,290,178,178,0,404.983,236.139,11.061,404.983,236.139,11.061,2.107
ObjA-179,0.010,3,179,0.376,16,179,179,0,182.333,219.333,4.333,182.333,219.333,4.333,0.334
ObjA-180,0.006,2,180,0.292,12,180,180,0,37.500,262.500,9.500,37.500,262.500,9.500,0.334
ObjA-181,0.058,18,181,1.921,80,181,181,0,70.278,227.500,5.778,70.278,227.500,5.778,1.244
ObjA-182,0.045,14,182,1.171,52,182,182,0,293.143,309.714,9.643,293.143,309.714,9.643,0.445
ObjA-183,0.869,269,183,14.337,624,183,183,0,455.695,255.892,5.773,455.695,255.892,5.773,3.725
ObjA-184,2.776,859,184,24.632,1126,184,184,0,361.858,247.159,9.518,361.858,247.159,9.518,4.819
ObjA-185,0.003,1,185,0.146,6,185,185,NaN,29.000,335.000,9.000,29.000,335.000,9.000,0.000
ObjA-186,0.003,1,186,0.146,6,186,186,NaN,394.000,351.000,9.000,394.000,351.000,9.000,0.000
ObjA-187,0.042,13,187,1.085,44,187,187,0,151.462,275.385,5.385,151.462,275.385,5.385,0.906
ObjA-188,0.420,130,188,6.988,316,188,188,0,76.769,360.185,11.323,76.769,360.185,11.323,2.241
ObjA-189,0.003,1,189,0.146,6,189,189,NaN,377.000,373.000,9.000,377.000,373.000,9.000,0.000
ObjA-190,0.016,5,190,0.460,20,190,190,0,377.400,289.400,4.800,377.400,289.400,4.800,0.334
ObjA-191,0.003,1,191,0.146,6,191,191,NaN,237.000,390.000,9.000,237.000,390.000,9.000,0.000
ObjA-192,0.068,21,192,1.442,62,192,192,0,144.952,290.476,5.429,144.952,290.476,5.429,0.912
ObjA-193,0.026,8,193,0.668,28,193,193,0,31.500,394.375,9.375,31.500,394.375,9.375,0.379
ObjA-194,0.695,215,194,10.640,466,194,194,0,305.595,303.586,5.386,305.595,303.586,5.386,3.086
ObjA-195,0.359,111,195,7.211,314,195,195,0,62.045,307.477,5.676,62.045,307.477,5.676,2.113
ObjA-196,0.346,107,196,7.223,300,196,196,0,286.093,302.019,9.374,286.093,302.019,9.374,2.633
ObjA-197,0.016,5,197,0.730,30,197,197,0,433.000,404.200,10.400,433.000,404.200,10.400,0.958
ObjA-198,0.026,8,198,0.668,28,198,198,0,439.750,406.375,9.500,439.750,406.375,9.500,0.379
ObjA-199,0.045,14,199,1.130,52,199,199,0,119.143,308.786,5.000,119.143,308.786,5.000,0.631
ObjA-200,0.003,1,200,0.146,6,200,200,NaN,26.000,409.000,9.000,26.000,409.000,9.000,0.000
ObjA-201,1.506,466,201,20.363,862,201,201,0,448.901,313.343,8.393,448.901,313.343,8.393,3.646
ObjA-202,0.834,258,202,10.254,434,202,202,0,431.841,317.880,8.252,431.841,317.880,8.252,3.043
ObjA-203,0.052,16,203,1.504,64,203,203,0,291.500,423.812,11.000,291.500,423.812,11.000,0.997
ObjA-204,0.010,3,204,0.376,16,204,204,0,426.667,437.333,9.333,426.667,437.333,9.333,0.334
ObjA-205,0.006,2,205,0.292,12,205,205,0,412.500,439.000,9.500,412.500,439.000,9.500,0.317
ObjA-206,0.003,1,206,0.146,6,206,206,NaN,411.000,446.000,9.000,411.000,446.000,9.000,0.000
ObjA-207,0.013,4,207,0.438,18,207,207,0,130.750,449.250,9.500,130.750,449.250,9.500,0.334
ObjA-208,0.013,4,208,0.417,16,208,208,0,286.000,453.500,9.500,286.000,453.500,9.500,0.317
ObjA-209,0.449,139,209,6.487,296,209,209,0,364.482,465.993,11.252,364.482,465.993,11.252,1.487
ObjA-210,0.036,11,210,0.982,42,210,210,0,38.636,335.545,5.091,38.636,335.545,5.091,0.618
ObjA-211,0.110,34,211,2.299,100,211,211,0,420.265,472.029,11.265,420.265,472.029,11.265,1.138
ObjA-212,0.003,1,212,0.146,6,212,212,NaN,370.000,471.000,9.000,370.000,471.000,9.000,0.000
ObjA-213,0.097,30,213,1.945,86,213,213,0,326.600,474.400,11.333,326.600,474.400,11.333,1.085
ObjA-214,0.834,258,214,9.838,418,214,214,0,473.647,341.271,6.566,473.647,341.271,6.566,2.004
ObjA-215,0.003,1,215,0.146,6,215,215,NaN,480.000,481.000,9.000,480.000,481.000,9.000,0.000
ObjA-216,1.131,350,216,10.427,450,216,216,0,127.777,356.497,8.109,127.777,356.497,8.109,2.907
ObjA-217,0.068,21,217,1.691,70,217,217,0,391.952,365.762,5.714,391.952,365.762,5.714,0.958
ObjA-218,0.197,61,218,4.699,198,218,218,0,139.049,5.295,11.475,139.049,5.295,11.475,1.534
ObjA-219,0.010,3,219,0.354,14,219,219,0,385.333,369.000,4.667,385.333,369.000,4.667,0.317
ObjA-220,0.003,1,220,0.146,6,220,220,NaN,159.000,10.000,10.000,159.000,10.000,10.000,0.000
ObjA-221,0.759,235,221,10.281,444,221,221,0,407.323,385.000,5.864,407.323,385.000,5.864,2.547
ObjA-222,0.006,2,222,0.292,12,222,222,0,72.000,384.500,4.500,72.000,384.500,4.500,0.317
ObjA-223,0.090,28,223,1.715,76,223,223,0,297.357,22.286,11.500,297.357,22.286,11.500,0.759
ObjA-224,0.006,2,224,0.230,10,224,224,0,278.500,23.000,10.000,278.500,23.000,10.000,0.104
ObjA-225,0.653,202,225,8.897,376,225,225,0,430.218,399.921,7.153,430.218,399.921,7.153,2.928
ObjA-226,2.323,719,226,32.096,1422,226,226,0,275.083,397.355,9.711,275.083,397.355,9.711,5.175
ObjA-227,0.013,4,227,0.438,18,227,227,0,6.750,28.500,10.250,6.750,28.500,10.250,0.334
ObjA-228,0.003,1,228,0.146,6,228,228,NaN,338.000,30.000,10.000,338.000,30.000,10.000,0.000
ObjA-229,1.590,492,229,16.952,742,229,229,0,309.144,403.120,6.370,309.144,403.120,6.370,3.652
ObjA-230,0.003,1,230,0.146,6,230,230,NaN,244.000,45.000,10.000,244.000,45.000,10.000,0.000
ObjA-231,0.139,43,231,2.404,106,231,231,0,2.047,53.000,11.326,2.047,53.000,11.326,0.820
ObjA-232,0.003,1,232,0.146,6,232,232,NaN,326.000,60.000,10.000,326.000,60.000,10.000,0.000
ObjA-233,0.174,54,233,2.926,128,233,233,0,238.056,67.352,11.241,238.056,67.352,11.241,0.948
ObjA-234,0.607,188,234,7.261,296,234,234,0,42.755,414.957,8.410,42.755,414.957,8.410,2.527
ObjA-235,0.010,3,235,0.417,16,235,235,0,260.667,67.333,10.333,260.667,67.333,10.333,0.334
ObjA-236,0.788,244,236,9.026,388,236,236,0,4.426,427.262,9.111,4.426,427.262,9.111,2.690
ObjA-237,0.553,171,237,7.273,316,237,237,0,340.199,430.784,6.667,340.199,430.784,6.667,2.400
ObjA-238,0.162,50,238,3.156,138,238,238,0,23.800,434.700,4.820,23.800,434.700,4.820,1.030
ObjA-239,0.136,42,239,3.152,130,239,239,0,424.071,433.905,7.190,424.071,433.905,7.190,1.815
ObjA-240,0.136,42,240,2.524,102,240,240,0,103.214,433.690,5.762,103.214,433.690,5.762,0.975
ObjA-241,0.381,118,241,5.872,254,241,241,0,75.356,431.720,5.856,75.356,431.720,5.856,1.824
ObjA-242,0.165,51,242,2.364,106,242,242,0,449.686,104.647,11.216,449.686,104.647,11.216,0.852
ObjA-243,3.932,1217,243,42.121,1812,243,243,0,372.094,429.551,9.187,372.094,429.551,9.187,7.823
ObjA-244,0.155,48,244,2.761,124,244,244,0,442.812,108.167,11.271,442.812,108.167,11.271,0.895
ObjA-245,0.019,6,245,0.752,32,245,245,0,458.500,109.000,11.500,458.500,109.000,11.500,0.643
ObjA-246,0.003,1,246,0.146,6,246,246,NaN,264.000,112.000,10.000,264.000,112.000,10.000,0.000
ObjA-247,0.191,59,247,3.448,150,247,247,0,27.864,447.695,5.966,27.864,447.695,5.966,1.474
ObjA-248,0.006,2,248,0.292,12,248,248,0,439.500,125.500,10.500,439.500,125.500,10.500,0.334
ObjA-249,0.071,22,249,1.482,62,249,249,0,253.000,128.636,11.227,253.000,128.636,11.227,0.730
ObjA-250,0.010,3,250,0.376,16,250,250,0,43.000,129.667,10.667,43.000,129.667,10.667,0.379
ObjA-251,0.003,1,251,0.146,6,251,251,NaN,76.000,448.000,4.000,76.000,448.000,4.000,0.000
ObjA-252,0.003,1,252,0.146,6,252,252,NaN,35.000,135.000,10.000,35.000,135.000,10.000,0.000
ObjA-253,0.003,1,253,0.146,6,253,253,NaN,20.000,142.000,10.000,20.000,142.000,10.000,0.000
ObjA-254,0.003,1,254,0.146,6,254,254,NaN,476.000,152.000,10.000,476.000,152.000,10.000,0.000
ObjA-255,0.210,65,255,4.030,170,255,255,0,453.154,469.877,5.631,453.154,469.877,5.631,1.274
ObjA-256,0.003,1,256,0.146,6,256,256,NaN,330.000,183.000,10.000,330.000,183.000,10.000,0.000
ObjA-257,0.003,1,257,0.146,6,257,257,NaN,329.000,185.000,10.000,329.000,185.000,10.000,0.000
ObjA-258,0.288,89,258,5.870,250,258,258,0,245.404,471.090,5.888,245.404,471.090,5.888,1.822
ObjA-259,0.019,6,259,0.647,26,259,259,0,326.167,192.000,11.167,326.167,192.000,11.167,0.635
ObjA-260,0.591,183,260,8.250,350,260,260,0,292.284,473.426,8.678,292.284,473.426,8.678,2.666
ObjA-261,0.026,8,261,0.793,32,261,261,0,36.500,199.875,11.000,36.500,199.875,11.000,0.618
ObjA-262,0.081,25,262,1.569,70,262,262,0,17.760,199.920,11.520,17.760,199.920,11.520,0.676
ObjA-263,0.003,1,263,0.146,6,263,263,NaN,284.000,214.000,10.000,284.000,214.000,10.000,0.000
ObjA-264,2.233,691,264,19.508,828,264,264,0,393.310,486.777,8.449,393.310,486.777,8.449,2.948
ObjA-265,0.003,1,265,0.146,6,265,265,NaN,93.000,236.000,10.000,93.000,236.000,10.000,0.000
ObjA-266,0.107,33,266,2.342,104,266,266,0,307.667,486.818,5.455,307.667,486.818,5.455,1.372
ObjA-267,0.065,20,267,1.315,54,267,267,0,389.100,238.350,11.200,389.100,238.350,11.200,0.684
ObjA-268,0.107,33,268,1.964,84,268,268,0,249.182,487.061,6.000,249.182,487.061,6.000,1.244
ObjA-269,1.170,362,269,11.382,482,269,269,0,326.119,4.624,9.262,326.119,4.624,9.262,2.352
ObjA-270,0.016,5,270,0.668,28,270,270,0,457.600,309.000,11.000,457.600,309.000,11.000,0.600
ObjA-271,0.003,1,271,0.146,6,271,271,NaN,52.000,3.000,5.000,52.000,3.000,5.000,0.000
ObjA-272,0.016,5,272,0.625,24,272,272,0,77.400,3.800,5.800,77.400,3.800,5.800,0.609
ObjA-273,0.048,15,273,1.293,52,273,273,0,211.200,5.133,5.933,211.200,5.133,5.933,0.929
ObjA-274,0.013,4,274,0.460,20,274,274,0,138.500,5.500,5.250,138.500,5.500,5.250,0.334
ObjA-275,0.013,4,275,0.398,18,275,275,0,476.250,333.000,10.000,476.250,333.000,10.000,0.208
ObjA-276,0.052,16,276,1.212,52,276,276,0,132.875,7.312,5.750,132.875,7.312,5.750,0.643
ObjA-277,0.019,6,277,0.544,24,277,277,0,401.667,9.000,5.167,401.667,9.000,5.167,0.379
ObjA-278,0.013,4,278,0.522,22,278,278,0,178.750,8.500,6.000,178.750,8.500,6.000,0.600
ObjA-279,0.003,1,279,0.146,6,279,279,NaN,81.000,11.000,5.000,81.000,11.000,5.000,0.000
ObjA-280,0.010,3,280,0.314,14,280,280,0,332.333,22.667,5.000,332.333,22.667,5.000,0.147
ObjA-281,0.013,4,281,0.460,20,281,281,0,320.500,24.250,5.000,320.500,24.250,5.000,0.328
ObjA-282,0.036,11,282,1.293,52,282,282,0,317.455,25.727,6.182,317.455,25.727,6.182,0.975
ObjA-283,0.006,2,283,0.292,12,283,283,0,52.500,362.500,10.000,52.500,362.500,10.000,0.147
ObjA-284,0.003,1,284,0.146,6,284,284,NaN,115.000,31.000,5.000,115.000,31.000,5.000,0.000
ObjA-285,0.003,1,285,0.146,6,285,285,NaN,369.000,375.000,10.000,369.000,375.000,10.000,0.000
ObjA-286,0.281,87,286,4.404,216,286,286,0,385.598,381.425,11.598,385.598,381.425,11.598,2.101
ObjA-287,0.136,42,287,2.510,112,287,287,0,90.667,382.833,11.333,90.667,382.833,11.333,0.871
ObjA-288,0.003,1,288,0.146,6,288,288,NaN,164.000,38.000,5.000,164.000,38.000,5.000,0.000
ObjA-289,0.071,22,289,1.672,72,289,289,0,184.045,382.455,11.227,184.045,382.455,11.227,0.820
ObjA-290,0.394,122,290,7.443,328,290,290,0,204.574,40.705,5.918,204.574,40.705,5.918,2.766
ObjA-291,0.394,122,291,5.594,266,291,291,0,232.246,385.607,11.484,232.246,385.607,11.484,1.811
ObjA-292,0.003,1,292,0.146,6,292,292,NaN,92.000,392.000,10.000,92.000,392.000,10.000,0.000
ObjA-293,0.116,36,293,1.885,88,293,293,0,133.472,405.056,11.556,133.472,405.056,11.556,0.707
ObjA-294,0.003,1,294,0.146,6,294,294,NaN,27.000,406.000,10.000,27.000,406.000,10.000,0.000
ObjA-295,0.016,5,295,0.501,20,295,295,0,50.400,50.200,5.400,50.400,50.200,5.400,0.334
ObjA-296,0.003,1,296,0.146,6,296,296,NaN,249.000,53.000,5.000,249.000,53.000,5.000,0.000
ObjA-297,0.061,19,297,1.669,68,297,297,0,415.842,417.421,11.421,415.842,417.421,11.421,0.895
ObjA-298,0.003,1,298,0.146,6,298,298,NaN,251.000,53.000,5.000,251.000,53.000,5.000,0.000
ObjA-299,0.003,1,299,0.146,6,299,299,NaN,171.000,55.000,5.000,171.000,55.000,5.000,0.000
ObjA-300,0.084,26,300,1.588,68,300,300,0,33.538,431.846,11.192,33.538,431.846,11.192,0.737
ObjA-301,0.042,13,301,0.939,38,301,301,0,291.462,430.923,11.308,291.462,430.923,11.308,0.618
ObjA-302,0.065,20,302,1.564,62,302,302,0,347.600,56.500,6.200,347.600,56.500,6.200,0.975
ObjA-303,0.003,1,303,0.146,6,303,303,NaN,162.000,435.000,10.000,162.000,435.000,10.000,0.000
ObjA-304,0.168,52,304,2.821,122,304,304,0,289.308,440.212,11.250,289.308,440.212,11.250,0.959
ObjA-305,0.010,3,305,0.314,14,305,305,0,360.667,60.333,5.000,360.667,60.333,5.000,0.147
ObjA-306,0.048,15,306,1.087,48,306,306,0,341.867,439.933,11.600,341.867,439.933,11.600,0.635
ObjA-307,0.013,4,307,0.501,20,307,307,0,324.500,61.750,5.500,324.500,61.750,5.500,0.334
ObjA-308,0.074,23,308,1.777,78,308,308,0,171.609,442.391,11.435,171.609,442.391,11.435,0.800
ObjA-309,0.010,3,309,0.417,16,309,309,0,199.667,447.333,11.000,199.667,447.333,11.000,0.618
ObjA-310,0.042,13,310,1.233,54,310,310,0,356.846,64.769,5.692,356.846,64.769,5.692,0.635
ObjA-311,0.065,20,311,1.525,66,311,311,0,383.350,454.450,11.500,383.350,454.450,11.500,0.759
ObjA-312,0.016,5,312,0.501,20,312,312,0,353.400,65.800,5.400,353.400,65.800,5.400,0.334
ObjA-313,0.006,2,313,0.292,12,313,313,0,364.500,66.000,5.500,364.500,66.000,5.500,0.317
ObjA-314,0.113,35,314,3.027,126,314,314,0,68.857,69.771,7.200,68.857,69.771,7.200,1.718
ObjA-315,0.003,1,315,0.146,6,315,315,NaN,211.000,0.000,11.000,211.000,0.000,11.000,0.000
ObjA-316,0.003,1,316,0.146,6,316,316,NaN,478.000,70.000,5.000,478.000,70.000,5.000,0.000
ObjA-317,0.023,7,317,0.730,30,317,317,0,341.429,74.429,5.429,341.429,74.429,5.429,0.379
ObjA-318,0.023,7,318,0.752,32,318,318,0,286.571,17.143,11.571,286.571,17.143,11.571,0.379
ObjA-319,0.003,1,319,0.146,6,319,319,NaN,311.000,75.000,5.000,311.000,75.000,5.000,0.000
ObjA-320,0.045,14,320,1.046,48,320,320,0,240.000,30.500,11.786,240.000,30.500,11.786,0.445
ObjA-321,0.042,13,321,0.922,44,321,321,0,198.846,41.692,11.846,198.846,41.692,11.846,0.523
ObjA-322,0.013,4,322,0.438,18,322,322,0,342.750,50.750,11.500,342.750,50.750,11.500,0.334
ObjA-323,0.003,1,323,0.146,6,323,323,NaN,177.000,80.000,5.000,177.000,80.000,5.000,0.000
ObjA-324,0.010,3,324,0.314,14,324,324,0,191.667,61.667,11.000,191.667,61.667,11.000,0.147
ObjA-325,0.052,16,325,1.212,52,325,325,0,116.625,79.188,6.562,116.625,79.188,6.562,0.975
ObjA-326,0.010,3,326,0.438,18,326,326,0,213.000,61.333,11.667,213.000,61.333,11.667,0.334
ObjA-327,0.006,2,327,0.292,12,327,327,0,188.500,75.500,11.500,188.500,75.500,11.500,0.334
ObjA-328,0.055,17,328,1.193,54,328,328,0,137.118,77.529,11.706,137.118,77.529,11.706,0.523
ObjA-329,0.026,8,329,0.690,30,329,329,0,218.375,87.875,11.750,218.375,87.875,11.750,0.365
ObjA-330,0.003,1,330,0.146,6,330,330,NaN,163.000,93.000,5.000,163.000,93.000,5.000,0.000
ObjA-331,0.013,4,331,0.417,16,331,331,0,135.500,91.000,11.500,135.500,91.000,11.500,0.317
ObjA-332,0.023,7,332,0.814,34,332,332,0,416.143,94.000,11.714,416.143,94.000,11.714,0.480
ObjA-333,0.055,17,333,1.066,46,333,333,0,167.176,100.529,5.529,167.176,100.529,5.529,0.480
ObjA-334,0.003,1,334,0.146,6,334,334,NaN,120.000,101.000,5.000,120.000,101.000,5.000,0.000
ObjA-335,0.013,4,335,0.501,20,335,335,0,459.500,113.750,11.500,459.500,113.750,11.500,0.334
ObjA-336,0.006,2,336,0.292,12,336,336,0,62.500,127.000,11.500,62.500,127.000,11.500,0.317
ObjA-337,0.003,1,337,0.146,6,337,337,NaN,249.000,137.000,11.000,249.000,137.000,11.000,0.000
ObjA-338,0.216,67,338,3.741,162,338,338,0,62.299,112.791,6.299,62.299,112.791,6.299,1.161
ObjA-339,0.019,6,339,0.544,24,339,339,0,0.333,173.000,11.833,0.333,173.000,11.833,0.379
ObjA-340,0.048,15,340,1.109,50,340,340,0,13.333,178.533,11.733,13.333,178.533,11.733,0.480
ObjA-341,0.019,6,341,0.730,30,341,341,0,22.833,182.667,11.833,22.833,182.667,11.833,0.445
ObjA-342,0.113,35,342,2.102,112,342,342,0,109.600,182.514,11.971,109.600,182.514,11.971,1.174
ObjA-343,0.139,43,343,2.653,114,343,343,0,245.326,120.698,6.023,245.326,120.698,6.023,1.039
ObjA-344,0.039,12,344,1.044,44,344,344,0,467.667,118.500,6.500,467.667,118.500,6.500,0.952
ObjA-345,0.003,1,345,0.146,6,345,345,NaN,162.000,122.000,5.000,162.000,122.000,5.000,0.000
ObjA-346,0.003,1,346,0.146,6,346,346,NaN,15.000,209.000,11.000,15.000,209.000,11.000,0.000
ObjA-347,0.013,4,347,0.522,22,347,347,0,112.250,235.500,11.750,112.250,235.500,11.750,0.334
ObjA-348,0.013,4,348,0.563,22,348,348,0,381.250,239.750,11.750,381.250,239.750,11.750,0.365
ObjA-349,0.006,2,349,0.230,10,349,349,0,128.000,136.500,5.000,128.000,136.500,5.000,0.104
ObjA-350,0.052,16,350,1.276,58,350,350,0,475.562,241.625,11.812,475.562,241.625,11.812,0.605
ObjA-351,0.023,7,351,0.752,32,351,351,0,317.000,137.429,5.286,317.000,137.429,5.286,0.480
ObjA-352,0.016,5,352,0.460,20,352,352,0,93.400,246.400,11.800,93.400,246.400,11.800,0.334
ObjA-353,0.003,1,353,0.146,6,353,353,NaN,242.000,158.000,5.000,242.000,158.000,5.000,0.000
ObjA-354,0.019,6,354,0.730,30,354,354,0,43.667,262.333,11.667,43.667,262.333,11.667,0.379
ObjA-355,0.052,16,355,1.339,60,355,355,0,377.438,273.062,11.812,377.438,273.062,11.812,0.605
ObjA-356,0.032,10,356,0.752,32,356,356,0,360.000,285.400,11.600,360.000,285.400,11.600,0.379
ObjA-357,0.003,1,357,0.146,6,357,357,NaN,146.000,166.000,5.000,146.000,166.000,5.000,0.000
ObjA-358,0.071,22,358,1.899,78,358,358,0,103.500,169.318,6.273,103.500,169.318,6.273,1.039
ObjA-359,0.013,4,359,0.522,22,359,359,0,377.500,308.000,11.750,377.500,308.000,11.750,0.334
ObjA-360,0.026,8,360,0.690,30,360,360,0,107.250,172.750,5.250,107.250,172.750,5.250,0.379
ObjA-361,0.003,1,361,0.146,6,361,361,NaN,17.000,315.000,11.000,17.000,315.000,11.000,0.000
ObjA-362,0.016,5,362,0.563,22,362,362,0,125.400,177.600,6.000,125.400,177.600,6.000,0.618
ObjA-363,0.019,6,363,0.668,28,363,363,0,384.167,321.833,11.500,384.167,321.833,11.500,0.420
ObjA-364,0.010,3,364,0.376,16,364,364,0,57.000,179.000,5.333,57.000,179.000,5.333,0.365
ObjA-365,0.013,4,365,0.460,20,365,365,0,56.750,181.500,5.000,56.750,181.500,5.000,0.232
ObjA-366,0.032,10,366,0.836,36,366,366,0,311.600,367.800,11.700,311.600,367.800,11.700,0.420
ObjA-367,0.055,17,367,1.214,56,367,367,0,478.588,370.765,11.588,478.588,370.765,11.588,0.634
ObjA-368,0.016,5,368,0.522,22,368,368,0,87.000,373.400,11.800,87.000,373.400,11.800,0.334
ObjA-369,0.006,2,369,0.292,12,369,369,0,403.000,381.500,11.500,403.000,381.500,11.500,0.317
ObjA-370,0.003,1,370,0.146,6,370,370,NaN,64.000,194.000,5.000,64.000,194.000,5.000,0.000
ObjA-371,0.003,1,371,0.146,6,371,371,NaN,105.000,402.000,11.000,105.000,402.000,11.000,0.000
ObjA-372,0.003,1,372,0.146,6,372,372,NaN,421.000,415.000,11.000,421.000,415.000,11.000,0.000
ObjA-373,0.016,5,373,0.522,22,373,373,0,452.200,434.200,11.800,452.200,434.200,11.800,0.365
ObjA-374,0.048,15,374,1.087,48,374,374,0,161.467,439.533,11.667,161.467,439.533,11.667,0.523
ObjA-375,0.016,5,375,0.544,24,375,375,0,378.000,450.000,11.600,378.000,450.000,11.600,0.420
ObjA-376,0.016,5,376,0.522,22,376,376,0,233.600,451.800,11.800,233.600,451.800,11.800,0.365
ObjA-377,0.006,2,377,0.292,12,377,377,0,311.000,461.500,11.500,311.000,461.500,11.500,0.317
ObjA-378,0.016,5,378,0.584,24,378,378,0,373.000,209.400,5.600,373.000,209.400,5.600,0.420
ObjA-379,0.006,2,379,0.271,10,379,379,0,64.000,211.000,5.500,64.000,211.000,5.500,0.300
ObjA-380,0.003,1,380,0.146,6,380,380,NaN,185.000,216.000,5.000,185.000,216.000,5.000,0.000
ObjA-381,0.010,3,381,0.438,18,381,381,0,367.000,475.667,11.667,367.000,475.667,11.667,0.365
ObjA-382,0.003,1,382,0.146,6,382,382,NaN,8.000,218.000,5.000,8.000,218.000,5.000,0.000
ObjA-383,0.090,28,383,1.779,82,383,383,0,358.821,482.679,11.607,358.821,482.679,11.607,0.793
ObjA-384,0.019,6,384,0.625,24,384,384,0,92.333,223.000,6.167,92.333,223.000,6.167,0.609
ObjA-385,0.003,1,385,0.146,6,385,385,NaN,455.000,491.000,11.000,455.000,491.000,11.000,0.000
ObjA-386,0.003,1,386,0.146,6,386,386,NaN,249.000,228.000,5.000,249.000,228.000,5.000,0.000
ObjA-387,0.006,2,387,0.230,10,387,387,0,437.500,0.000,12.000,437.500,0.000,12.000,0.104
ObjA-388,0.003,1,388,0.146,6,388,388,NaN,114.000,8.000,12.000,114.000,8.000,12.000,0.000
ObjA-389,0.010,3,389,0.314,14,389,389,0,110.667,9.667,12.000,110.667,9.667,12.000,0.147
ObjA-390,0.013,4,390,0.398,18,390,390,0,59.500,12.000,12.000,59.500,12.000,12.000,0.232
ObjA-391,0.019,6,391,0.503,24,391,391,0,105.500,13.500,12.000,105.500,13.500,12.000,0.328
ObjA-392,0.132,41,392,3.334,128,392,392,0,0.146,261.220,9.146,0.146,261.220,9.146,2.298
ObjA-393,0.042,13,393,1.169,48,393,393,0,90.308,260.769,5.462,90.308,260.769,5.462,0.643
ObjA-394,0.006,2,394,0.292,12,394,394,0,120.500,17.500,12.000,120.500,17.500,12.000,0.147
ObjA-395,0.003,1,395,0.146,6,395,395,NaN,31.000,20.000,12.000,31.000,20.000,12.000,0.000
ObjA-396,0.003,1,396,0.146,6,396,396,NaN,32.000,25.000,12.000,32.000,25.000,12.000,0.000
ObjA-397,0.003,1,397,0.146,6,397,397,NaN,115.000,26.000,12.000,115.000,26.000,12.000,0.000
ObjA-398,0.003,1,398,0.146,6,398,398,NaN,302.000,26.000,12.000,302.000,26.000,12.000,0.000
ObjA-399,0.381,118,399,5.058,220,399,399,0,421.364,280.924,6.746,421.364,280.924,6.746,1.590
ObjA-400,0.003,1,400,0.146,6,400,400,NaN,163.000,34.000,12.000,163.000,34.000,12.000,0.000
ObjA-401,0.003,1,401,0.146,6,401,401,NaN,203.000,35.000,12.000,203.000,35.000,12.000,0.000
ObjA-402,0.233,72,402,5.616,234,402,402,0,339.639,284.875,6.708,339.639,284.875,6.708,2.113
ObjA-403,0.003,1,403,0.146,6,403,403,NaN,30.000,46.000,12.000,30.000,46.000,12.000,0.000
ObjA-404,0.207,64,404,3.822,162,404,404,0,354.500,288.266,6.203,354.500,288.266,6.203,1.217
ObjA-405,0.003,1,405,0.146,6,405,405,NaN,193.000,49.000,12.000,193.000,49.000,12.000,0.000
ObjA-406,0.010,3,406,0.354,14,406,406,0,47.000,287.333,5.333,47.000,287.333,5.333,0.317
ObjA-407,0.006,2,407,0.292,12,407,407,0,224.500,55.500,12.000,224.500,55.500,12.000,0.147
ObjA-408,0.003,1,408,0.146,6,408,408,NaN,145.000,58.000,12.000,145.000,58.000,12.000,0.000
ObjA-409,0.003,1,409,0.146,6,409,409,NaN,25.000,289.000,5.000,25.000,289.000,5.000,0.000
ObjA-410,0.010,3,410,0.438,18,410,410,0,244.000,62.000,12.000,244.000,62.000,12.000,0.294
ObjA-411,0.129,40,411,2.754,112,411,411,0,53.075,289.600,6.100,53.075,289.600,6.100,0.997
ObjA-412,0.013,4,412,0.335,16,412,412,0,326.500,61.500,12.000,326.500,61.500,12.000,0.147
ObjA-413,0.003,1,413,0.146,6,413,413,NaN,259.000,62.000,12.000,259.000,62.000,12.000,0.000
ObjA-414,0.078,24,414,1.734,74,414,414,0,368.333,289.583,5.583,368.333,289.583,5.583,0.800
ObjA-415,0.003,1,415,0.146,6,415,415,NaN,247.000,63.000,12.000,247.000,63.000,12.000,0.000
ObjA-416,0.003,1,416,0.146,6,416,416,NaN,259.000,64.000,12.000,259.000,64.000,12.000,0.000
ObjA-417,0.003,1,417,0.146,6,417,417,NaN,132.000,290.000,5.000,132.000,290.000,5.000,0.000
ObjA-418,0.003,1,418,0.146,6,418,418,NaN,262.000,65.000,12.000,262.000,65.000,12.000,0.000
ObjA-419,0.003,1,419,0.146,6,419,419,NaN,60.000,293.000,5.000,60.000,293.000,5.000,0.000
ObjA-420,0.003,1,420,0.146,6,420,420,NaN,474.000,65.000,12.000,474.000,65.000,12.000,0.000
ObjA-421,0.026,8,421,0.898,38,421,421,0,4.125,294.000,5.625,4.125,294.000,5.625,0.634
ObjA-422,0.003,1,422,0.146,6,422,422,NaN,152.000,67.000,12.000,152.000,67.000,12.000,0.000
ObjA-423,0.019,6,423,0.503,24,423,423,0,109.167,69.333,12.000,109.167,69.333,12.000,0.232
ObjA-424,0.010,3,424,0.376,16,424,424,0,58.000,295.333,5.000,58.000,295.333,5.000,0.232
ObjA-425,0.003,1,425,0.146,6,425,425,NaN,142.000,77.000,12.000,142.000,77.000,12.000,0.000
ObjA-426,0.003,1,426,0.146,6,426,426,NaN,30.000,79.000,12.000,30.000,79.000,12.000,0.000
ObjA-427,0.003,1,427,0.146,6,427,427,NaN,58.000,79.000,12.000,58.000,79.000,12.000,0.000
ObjA-428,0.003,1,428,0.146,6,428,428,NaN,197.000,83.000,12.000,197.000,83.000,12.000,0.000
ObjA-429,0.003,1,429,0.146,6,429,429,NaN,197.000,85.000,12.000,197.000,85.000,12.000,0.000
ObjA-430,0.010,3,430,0.376,16,430,430,0,286.000,85.333,12.000,286.000,85.333,12.000,0.232
ObjA-431,0.003,1,431,0.146,6,431,431,NaN,284.000,87.000,12.000,284.000,87.000,12.000,0.000
ObjA-432,0.003,1,432,0.146,6,432,432,NaN,421.000,88.000,12.000,421.000,88.000,12.000,0.000
ObjA-433,0.003,1,433,0.146,6,433,433,NaN,233.000,91.000,12.000,233.000,91.000,12.000,0.000
ObjA-434,0.003,1,434,0.146,6,434,434,NaN,119.000,95.000,12.000,119.000,95.000,12.000,0.000
ObjA-435,0.003,1,435,0.146,6,435,435,NaN,262.000,100.000,12.000,262.000,100.000,12.000,0.000
ObjA-436,0.003,1,436,0.146,6,436,436,NaN,217.000,106.000,12.000,217.000,106.000,12.000,0.000
ObjA-437,0.003,1,437,0.146,6,437,437,NaN,13.000,108.000,12.000,13.000,108.000,12.000,0.000
ObjA-438,0.003,1,438,0.146,6,438,438,NaN,245.000,109.000,12.000,245.000,109.000,12.000,0.000
ObjA-439,0.003,1,439,0.146,6,439,439,NaN,263.000,112.000,12.000,263.000,112.000,12.000,0.000
ObjA-440,0.003,1,440,0.146,6,440,440,NaN,4.000,114.000,12.000,4.000,114.000,12.000,0.000
ObjA-441,0.013,4,441,0.398,18,441,441,0,436.000,118.250,12.000,436.000,118.250,12.000,0.208
ObjA-442,0.006,2,442,0.230,10,442,442,0,50.500,311.000,5.000,50.500,311.000,5.000,0.104
ObjA-443,0.013,4,443,0.398,18,443,443,0,334.000,121.250,12.000,334.000,121.250,12.000,0.208
ObjA-444,0.023,7,444,0.587,28,444,444,0,55.857,126.429,12.000,55.857,126.429,12.000,0.311
ObjA-445,0.006,2,445,0.230,10,445,445,0,423.000,128.500,12.000,423.000,128.500,12.000,0.104
ObjA-446,0.003,1,446,0.146,6,446,446,NaN,223.000,133.000,12.000,223.000,133.000,12.000,0.000
ObjA-447,0.003,1,447,0.146,6,447,447,NaN,21.000,140.000,12.000,21.000,140.000,12.000,0.000
ObjA-448,0.003,1,448,0.146,6,448,448,NaN,296.000,147.000,12.000,296.000,147.000,12.000,0.000
ObjA-449,0.006,2,449,0.230,10,449,449,0,351.500,327.000,5.000,351.500,327.000,5.000,0.104
ObjA-450,0.003,1,450,0.146,6,450,450,NaN,99.000,152.000,12.000,99.000,152.000,12.000,0.000
ObjA-451,0.013,4,451,0.438,18,451,451,0,116.250,328.250,5.250,116.250,328.250,5.250,0.317
ObjA-452,0.006,2,452,0.230,10,452,452,0,361.500,329.000,5.000,361.500,329.000,5.000,0.104
ObjA-453,0.006,2,453,0.292,12,453,453,0,0.500,167.500,12.000,0.500,167.500,12.000,0.147
ObjA-454,0.010,3,454,0.314,14,454,454,0,433.667,171.667,12.000,433.667,171.667,12.000,0.147
ObjA-455,0.003,1,455,0.146,6,455,455,NaN,50.000,173.000,12.000,50.000,173.000,12.000,0.000
ObjA-456,0.003,1,456,0.146,6,456,456,NaN,27.000,183.000,12.000,27.000,183.000,12.000,0.000
ObjA-457,0.003,1,457,0.146,6,457,457,NaN,29.000,186.000,12.000,29.000,186.000,12.000,0.000
ObjA-458,0.013,4,458,0.460,20,458,458,0,472.750,202.500,12.000,472.750,202.500,12.000,0.232
ObjA-459,0.006,2,459,0.230,10,459,459,0,391.000,219.500,12.000,391.000,219.500,12.000,0.104
ObjA-460,0.010,3,460,0.314,14,460,460,0,289.667,221.333,12.000,289.667,221.333,12.000,0.147
ObjA-461,0.003,1,461,0.146,6,461,461,NaN,87.000,238.000,12.000,87.000,238.000,12.000,0.000
ObjA-462,0.174,54,462,2.838,116,462,462,0,319.796,336.463,7.333,319.796,336.463,7.333,1.324
ObjA-463,0.013,4,463,0.398,18,463,463,0,366.500,242.000,12.000,366.500,242.000,12.000,0.232
ObjA-464,0.010,3,464,0.314,14,464,464,0,80.667,243.333,12.000,80.667,243.333,12.000,0.147
ObjA-465,0.010,3,465,0.376,16,465,465,0,365.000,259.333,12.000,365.000,259.333,12.000,0.232
ObjA-466,0.003,1,466,0.146,6,466,466,NaN,427.000,342.000,5.000,427.000,342.000,5.000,0.000
ObjA-467,0.010,3,467,0.314,14,467,467,0,484.667,262.333,12.000,484.667,262.333,12.000,0.147
ObjA-468,0.352,109,468,6.413,274,468,468,0,164.119,349.642,9.817,164.119,349.642,9.817,2.477
ObjA-469,0.010,3,469,0.314,14,469,469,0,101.667,279.333,12.000,101.667,279.333,12.000,0.147
ObjA-470,0.019,6,470,0.565,26,470,470,0,315.000,279.667,12.000,315.000,279.667,12.000,0.294
ObjA-471,0.003,1,471,0.146,6,471,471,NaN,383.000,279.000,12.000,383.000,279.000,12.000,0.000
ObjA-472,0.010,3,472,0.417,16,472,472,0,193.333,372.667,5.667,193.333,372.667,5.667,0.334
ObjA-473,0.003,1,473,0.146,6,473,473,NaN,396.000,289.000,12.000,396.000,289.000,12.000,0.000
ObjA-474,0.003,1,474,0.146,6,474,474,NaN,421.000,291.000,12.000,421.000,291.000,12.000,0.000
ObjA-475,0.003,1,475,0.146,6,475,475,NaN,369.000,303.000,12.000,369.000,303.000,12.000,0.000
ObjA-476,0.003,1,476,0.146,6,476,476,NaN,250.000,306.000,12.000,250.000,306.000,12.000,0.000
ObjA-477,0.003,1,477,0.146,6,477,477,NaN,33.000,309.000,12.000,33.000,309.000,12.000,0.000
ObjA-478,0.003,1,478,0.146,6,478,478,NaN,59.000,382.000,5.000,59.000,382.000,5.000,0.000
ObjA-479,0.016,5,479,0.481,22,479,479,0,443.000,311.200,12.000,443.000,311.200,12.000,0.232
ObjA-480,0.006,2,480,0.292,12,480,480,0,29.500,311.500,12.000,29.500,311.500,12.000,0.147
ObjA-481,0.032,10,481,0.838,40,481,481,0,22.600,313.200,12.000,22.600,313.200,12.000,0.464
ObjA-482,0.003,1,482,0.146,6,482,482,NaN,27.000,312.000,12.000,27.000,312.000,12.000,0.000
ObjA-483,0.003,1,483,0.146,6,483,483,NaN,14.000,317.000,12.000,14.000,317.000,12.000,0.000
ObjA-484,0.003,1,484,0.146,6,484,484,NaN,70.000,385.000,5.000,70.000,385.000,5.000,0.000
ObjA-485,0.013,4,485,0.522,22,485,485,0,139.000,353.750,12.000,139.000,353.750,12.000,0.232
ObjA-486,0.010,3,486,0.314,14,486,486,0,105.000,387.000,5.000,105.000,387.000,5.000,0.208
ObjA-487,0.116,36,487,2.797,116,487,487,0,425.444,387.167,7.139,425.444,387.167,7.139,1.013
ObjA-488,0.003,1,488,0.146,6,488,488,NaN,234.000,354.000,12.000,234.000,354.000,12.000,0.000
ObjA-489,0.103,32,489,2.526,106,489,489,0,306.125,390.562,5.750,306.125,390.562,5.750,0.919
ObjA-490,0.010,3,490,0.314,14,490,490,0,148.667,357.333,12.000,148.667,357.333,12.000,0.147
ObjA-491,0.016,5,491,0.481,22,491,491,0,161.200,362.800,12.000,161.200,362.800,12.000,0.328
ObjA-492,0.010,3,492,0.438,18,492,492,0,85.000,392.667,5.000,85.000,392.667,5.000,0.208
ObjA-493,0.003,1,493,0.146,6,493,493,NaN,431.000,362.000,12.000,431.000,362.000,12.000,0.000
ObjA-494,0.006,2,494,0.230,10,494,494,0,401.500,366.000,12.000,401.500,366.000,12.000,0.104
ObjA-495,0.019,6,495,0.565,26,495,495,0,161.833,372.167,12.000,161.833,372.167,12.000,0.374
ObjA-496,0.013,4,496,0.398,18,496,496,0,226.250,373.000,12.000,226.250,373.000,12.000,0.208
ObjA-497,0.003,1,497,0.146,6,497,497,NaN,375.000,372.000,12.000,375.000,372.000,12.000,0.000
ObjA-498,0.055,17,498,1.336,56,498,498,0,348.235,396.941,6.294,348.235,396.941,6.294,0.684
ObjA-499,0.010,3,499,0.314,14,499,499,0,484.333,373.667,12.000,484.333,373.667,12.000,0.147
ObjA-500,0.036,11,500,1.106,46,500,500,0,369.636,401.000,5.727,369.636,401.000,5.727,0.643
ObjA-501,0.006,2,501,0.292,12,501,501,0,264.500,402.500,5.000,264.500,402.500,5.000,0.147
ObjA-502,0.019,6,502,0.709,28,502,502,0,396.333,404.833,6.500,396.333,404.833,6.500,0.906
ObjA-503,0.003,1,503,0.146,6,503,503,NaN,400.000,406.000,5.000,400.000,406.000,5.000,0.000
ObjA-504,0.003,1,504,0.146,6,504,504,NaN,38.000,388.000,12.000,38.000,388.000,12.000,0.000
ObjA-505,0.003,1,505,0.146,6,505,505,NaN,239.000,393.000,12.000,239.000,393.000,12.000,0.000
ObjA-506,0.003,1,506,0.146,6,506,506,NaN,67.000,409.000,5.000,67.000,409.000,5.000,0.000
ObjA-507,0.003,1,507,0.146,6,507,507,NaN,387.000,395.000,12.000,387.000,395.000,12.000,0.000
ObjA-508,0.023,7,508,1.001,40,508,508,0,338.857,409.429,5.286,338.857,409.429,5.286,0.523
ObjA-509,0.003,1,509,0.146,6,509,509,NaN,255.000,396.000,12.000,255.000,396.000,12.000,0.000
ObjA-510,0.003,1,510,0.146,6,510,510,NaN,415.000,399.000,12.000,415.000,399.000,12.000,0.000
ObjA-511,0.003,1,511,0.146,6,511,511,NaN,432.000,399.000,12.000,432.000,399.000,12.000,0.000
ObjA-512,0.016,5,512,0.460,20,512,512,0,133.400,414.600,5.200,133.400,414.600,5.200,0.334
ObjA-513,0.003,1,513,0.146,6,513,513,NaN,68.000,406.000,12.000,68.000,406.000,12.000,0.000
ObjA-514,0.006,2,514,0.292,12,514,514,0,455.000,420.500,5.500,455.000,420.500,5.500,0.317
ObjA-515,0.013,4,515,0.398,18,515,515,0,462.500,408.000,12.000,462.500,408.000,12.000,0.232
ObjA-516,0.013,4,516,0.501,20,516,516,0,265.500,423.250,6.000,265.500,423.250,6.000,0.618
ObjA-517,0.006,2,517,0.230,10,517,517,0,422.500,413.000,12.000,422.500,413.000,12.000,0.104
ObjA-518,0.126,39,518,3.362,142,518,518,0,438.974,428.487,5.718,438.974,428.487,5.718,1.362
ObjA-519,0.003,1,519,0.146,6,519,519,NaN,388.000,415.000,12.000,388.000,415.000,12.000,0.000
ObjA-520,0.016,5,520,0.481,22,520,520,0,412.200,440.200,12.000,412.200,440.200,12.000,0.294
ObjA-521,0.045,14,521,1.149,50,521,521,0,120.071,431.500,5.714,120.071,431.500,5.714,0.707
ObjA-522,0.019,6,522,0.690,30,522,522,0,342.000,447.667,12.000,342.000,447.667,12.000,0.374
ObjA-523,0.010,3,523,0.376,16,523,523,0,435.667,434.333,5.667,435.667,434.333,5.667,0.334
ObjA-524,0.003,1,524,0.146,6,524,524,NaN,137.000,448.000,12.000,137.000,448.000,12.000,0.000
ObjA-525,0.003,1,525,0.146,6,525,525,NaN,284.000,448.000,12.000,284.000,448.000,12.000,0.000
ObjA-526,0.116,36,526,2.943,122,526,526,0,414.694,437.639,6.556,414.694,437.639,6.556,1.387
ObjA-527,0.003,1,527,0.146,6,527,527,NaN,313.000,461.000,12.000,313.000,461.000,12.000,0.000
ObjA-528,0.006,2,528,0.230,10,528,528,0,440.000,441.500,5.000,440.000,441.500,5.000,0.104
ObjA-529,0.003,1,529,0.146,6,529,529,NaN,110.000,466.000,12.000,110.000,466.000,12.000,0.000
ObjA-530,0.003,1,530,0.146,6,530,530,NaN,226.000,466.000,12.000,226.000,466.000,12.000,0.000
ObjA-531,0.019,6,531,0.584,24,531,531,0,132.833,443.167,5.333,132.833,443.167,5.333,0.365
ObjA-532,0.003,1,532,0.146,6,532,532,NaN,444.000,466.000,12.000,444.000,466.000,12.000,0.000
ObjA-533,0.003,1,533,0.146,6,533,533,NaN,431.000,470.000,12.000,431.000,470.000,12.000,0.000
ObjA-534,0.210,65,534,4.069,166,534,534,0,77.877,443.277,8.985,77.877,443.277,8.985,2.203
ObjA-535,0.094,29,535,1.937,74,535,535,0,143.586,447.276,7.276,143.586,447.276,7.276,1.518
ObjA-536,0.003,1,536,0.146,6,536,536,NaN,455.000,474.000,12.000,455.000,474.000,12.000,0.000
ObjA-537,0.006,2,537,0.230,10,537,537,0,172.500,475.000,12.000,172.500,475.000,12.000,0.104
ObjA-538,0.006,2,538,0.230,10,538,538,0,202.000,449.500,5.000,202.000,449.500,5.000,0.104
ObjA-539,0.003,1,539,0.146,6,539,539,NaN,99.000,482.000,12.000,99.000,482.000,12.000,0.000
ObjA-540,0.013,4,540,0.438,18,540,540,0,233.000,462.000,5.250,233.000,462.000,5.250,0.317
ObjA-541,0.023,7,541,0.627,28,541,541,0,448.571,465.000,5.286,448.571,465.000,5.286,0.379
ObjA-542,0.006,2,542,0.230,10,542,542,0,437.000,470.500,5.000,437.000,470.500,5.000,0.104
ObjA-543,0.003,1,543,0.146,6,543,543,NaN,346.000,473.000,5.000,346.000,473.000,5.000,0.000
ObjA-544,0.174,54,544,2.924,124,544,544,0,206.352,488.278,6.148,206.352,488.278,6.148,1.114
ObjA-545,1.160,359,545,10.535,426,545,545,0,446.822,489.081,8.989,446.822,489.081,8.989,2.379
ObjA-546,0.045,14,546,1.315,54,546,546,0,466.857,489.786,6.714,466.857,489.786,6.714,0.929
ObjA-547,0.048,15,547,1.231,50,547,547,0,299.133,3.667,6.867,299.133,3.667,6.867,0.676
ObjA-548,0.003,1,548,0.146,6,548,548,NaN,182.000,12.000,6.000,182.000,12.000,6.000,0.000
ObjA-549,0.029,9,549,0.898,38,549,549,0,137.111,37.111,7.111,137.111,37.111,7.111,0.676
ObjA-550,0.003,1,550,0.146,6,550,550,NaN,380.000,39.000,6.000,380.000,39.000,6.000,0.000
ObjA-551,0.006,2,551,0.230,10,551,551,0,222.500,42.000,6.000,222.500,42.000,6.000,0.104
ObjA-552,0.045,14,552,1.358,58,552,552,0,238.929,49.643,7.214,238.929,49.643,7.214,0.643
ObjA-553,0.003,1,553,0.146,6,553,553,NaN,244.000,52.000,6.000,244.000,52.000,6.000,0.000
ObjA-554,0.003,1,554,0.146,6,554,554,NaN,415.000,60.000,6.000,415.000,60.000,6.000,0.000
ObjA-555,0.003,1,555,0.146,6,555,555,NaN,178.000,75.000,6.000,178.000,75.000,6.000,0.000
ObjA-556,0.003,1,556,0.146,6,556,556,NaN,178.000,78.000,6.000,178.000,78.000,6.000,0.000
ObjA-557,0.003,1,557,0.146,6,557,557,NaN,309.000,78.000,6.000,309.000,78.000,6.000,0.000
ObjA-558,0.003,1,558,0.146,6,558,558,NaN,385.000,95.000,6.000,385.000,95.000,6.000,0.000
ObjA-559,0.003,1,559,0.146,6,559,559,NaN,136.000,114.000,6.000,136.000,114.000,6.000,0.000
ObjA-560,0.003,1,560,0.146,6,560,560,NaN,139.000,115.000,6.000,139.000,115.000,6.000,0.000
ObjA-561,0.097,30,561,2.026,86,561,561,0,460.767,121.800,7.000,460.767,121.800,7.000,0.737
ObjA-562,0.036,11,562,1.044,44,562,562,0,454.455,149.000,6.636,454.455,149.000,6.636,0.737
ObjA-563,0.805,249,563,12.522,550,563,563,0,129.964,166.506,10.964,129.964,166.506,10.964,3.010
ObjA-564,0.016,5,564,0.460,20,564,564,0,444.600,172.400,6.200,444.600,172.400,6.200,0.334
ObjA-565,0.026,8,565,0.752,32,565,565,0,131.500,179.625,6.750,131.500,179.625,6.750,0.379
ObjA-566,0.168,52,566,2.548,108,566,566,0,167.327,211.769,7.115,167.327,211.769,7.115,0.975
ObjA-567,0.013,4,567,0.584,24,567,567,0,366.250,217.250,6.250,366.250,217.250,6.250,0.334
ObjA-568,0.003,1,568,0.146,6,568,568,NaN,65.000,219.000,6.000,65.000,219.000,6.000,0.000
ObjA-569,0.006,2,569,0.292,12,569,569,0,105.500,220.000,6.500,105.500,220.000,6.500,0.317
ObjA-570,0.081,25,570,2.148,86,570,570,0,290.800,237.120,7.440,290.800,237.120,7.440,1.171
ObjA-571,0.019,6,571,0.709,28,571,571,0,317.667,281.667,7.167,317.667,281.667,7.167,0.609
ObjA-572,0.010,3,572,0.438,18,572,572,0,394.333,283.000,6.667,394.333,283.000,6.667,0.334
ObjA-573,0.003,1,573,0.146,6,573,573,NaN,149.000,291.000,6.000,149.000,291.000,6.000,0.000
ObjA-574,0.003,1,574,0.146,6,574,574,NaN,481.000,315.000,6.000,481.000,315.000,6.000,0.000
ObjA-575,0.003,1,575,0.146,6,575,575,NaN,39.000,318.000,6.000,39.000,318.000,6.000,0.000
ObjA-576,0.003,1,576,0.146,6,576,576,NaN,413.000,319.000,6.000,413.000,319.000,6.000,0.000
ObjA-577,0.003,1,577,0.146,6,577,577,NaN,90.000,320.000,6.000,90.000,320.000,6.000,0.000
ObjA-578,0.013,4,578,0.563,22,578,578,0,30.500,335.250,6.750,30.500,335.250,6.750,0.609
ObjA-579,0.003,1,579,0.146,6,579,579,NaN,414.000,335.000,6.000,414.000,335.000,6.000,0.000
ObjA-580,0.003,1,580,0.146,6,580,580,NaN,324.000,336.000,6.000,324.000,336.000,6.000,0.000
ObjA-581,0.003,1,581,0.146,6,581,581,NaN,210.000,347.000,6.000,210.000,347.000,6.000,0.000
ObjA-582,0.378,117,582,5.031,210,582,582,0,371.308,350.470,9.547,371.308,350.470,9.547,1.830
ObjA-583,0.003,1,583,0.146,6,583,583,NaN,206.000,355.000,6.000,206.000,355.000,6.000,0.000
ObjA-584,0.003,1,584,0.146,6,584,584,NaN,196.000,369.000,6.000,196.000,369.000,6.000,0.000
ObjA-585,0.003,1,585,0.146,6,585,585,NaN,380.000,373.000,6.000,380.000,373.000,6.000,0.000
ObjA-586,0.003,1,586,0.146,6,586,586,NaN,382.000,373.000,6.000,382.000,373.000,6.000,0.000
ObjA-587,0.010,3,587,0.354,14,587,587,0,100.333,379.000,6.333,100.333,379.000,6.333,0.317
ObjA-588,0.003,1,588,0.146,6,588,588,NaN,351.000,379.000,6.000,351.000,379.000,6.000,0.000
ObjA-589,0.026,8,589,0.771,30,589,589,0,419.000,392.875,7.000,419.000,392.875,7.000,0.635
ObjA-590,0.006,2,590,0.292,12,590,590,0,460.500,415.000,6.500,460.500,415.000,6.500,0.317
ObjA-591,0.003,1,591,0.146,6,591,591,NaN,418.000,442.000,6.000,418.000,442.000,6.000,0.000
ObjA-592,0.006,2,592,0.292,12,592,592,0,407.500,447.500,6.000,407.500,447.500,6.000,0.147
ObjA-593,0.003,1,593,0.146,6,593,593,NaN,438.000,458.000,6.000,438.000,458.000,6.000,0.000
ObjA-594,0.443,137,594,5.620,242,594,594,0,18.555,465.504,9.920,18.555,465.504,9.920,2.049
ObjA-595,0.006,2,595,0.271,10,595,595,0,438.000,464.000,6.500,438.000,464.000,6.500,0.300
ObjA-596,0.003,1,596,0.146,6,596,596,NaN,439.000,467.000,6.000,439.000,467.000,6.000,0.000
ObjA-597,0.003,1,597,0.146,6,597,597,NaN,344.000,471.000,6.000,344.000,471.000,6.000,0.000
ObjA-598,0.171,53,598,3.470,152,598,598,0,363.528,474.302,7.679,363.528,474.302,7.679,1.552
ObjA-599,0.045,14,599,1.399,58,599,599,0,463.429,485.500,7.500,463.429,485.500,7.500,0.952
ObjA-600,0.003,1,600,0.146,6,600,600,NaN,297.000,9.000,7.000,297.000,9.000,7.000,0.000
ObjA-601,0.045,14,601,1.334,52,601,601,0,321.643,15.571,8.714,321.643,15.571,8.714,0.912
ObjA-602,1.192,369,602,13.343,630,602,602,0,472.678,21.060,11.008,472.678,21.060,11.008,3.749
ObjA-603,0.268,83,603,5.280,218,603,603,0,137.783,27.277,9.723,137.783,27.277,9.723,1.727
ObjA-604,0.003,1,604,0.146,6,604,604,NaN,229.000,45.000,7.000,229.000,45.000,7.000,0.000
ObjA-605,0.010,3,605,0.438,18,605,605,0,329.000,60.000,7.667,329.000,60.000,7.667,0.317
ObjA-606,0.003,1,606,0.146,6,606,606,NaN,404.000,64.000,7.000,404.000,64.000,7.000,0.000
ObjA-607,0.006,2,607,0.230,10,607,607,0,212.000,90.500,7.000,212.000,90.500,7.000,0.104
ObjA-608,0.019,6,608,0.584,24,608,608,0,173.000,96.333,7.500,173.000,96.333,7.500,0.365
ObjA-609,0.019,6,609,0.730,30,609,609,0,261.167,101.000,8.000,261.167,101.000,8.000,0.635
ObjA-610,0.029,9,610,0.752,32,610,610,0,343.444,107.000,8.111,343.444,107.000,8.111,0.609
ObjA-611,0.052,16,611,1.169,48,611,611,0,352.812,133.625,8.000,352.812,133.625,8.000,0.643
ObjA-612,0.271,84,612,5.989,246,612,612,0,6.083,141.929,9.488,6.083,141.929,9.488,1.825
ObjA-613,0.055,17,613,1.439,58,613,613,0,147.941,144.882,7.824,147.941,144.882,7.824,0.684
ObjA-614,0.036,11,614,1.023,42,614,614,0,211.364,158.000,8.182,211.364,158.000,8.182,0.643
ObjA-615,0.003,1,615,0.146,6,615,615,NaN,123.000,177.000,7.000,123.000,177.000,7.000,0.000
ObjA-616,0.003,1,616,0.146,6,616,616,NaN,227.000,182.000,7.000,227.000,182.000,7.000,0.000
ObjA-617,0.003,1,617,0.146,6,617,617,NaN,370.000,194.000,7.000,370.000,194.000,7.000,0.000
